,full_name,index,assists,bonus,bps,chance_of_playing_next_round,chance_of_playing_this_round,clean_sheets,cost_change_event,cost_change_event_fall,cost_change_start,cost_change_start_fall,creativity,dreamteam_count,event_points,first_name,form,goals_conceded,goals_scored,ict_index,in_dreamteam,minutes,now_cost,own_goals,penalties_missed,penalties_saved,photo,points_per_game,red_cards,saves,selected_by_percent,yellow_cards,season,season_num,corners_and_indirect_freekicks_order,corners_and_indirect_freekicks_text,direct_freekicks_order,direct_freekicks_text,penalties_order,penalties_text,starting_cost,position,cost_bin,roi,total_points_last_season_x
0,bernd_leno,7,0,11,625,100,100,11,0,0,0,0,0.0,2,7,Bernd,7.0,37,0,70.3,False,3131,50,1,0,1,80201.jpg,3.7,1,86,7.3,0,2021,4,None,,None,,None,,50,Keeper,4.0,32.75,131.0
1,rúnar alex_rúnarsson,30,0,0,8,100,100,0,0,0,-1,1,0.0,0,0,Rúnar Alex,0.0,0,0,1.7,False,15,44,0,0,0,115918.jpg,1.0,0,2,0.1,0,2021,4,None,,None,,None,,43,Keeper,4.0,0.25,1.0
2,willian_borges da silva,25,7,9,306,100,100,3,0,0,-5,5,534.8,1,0,Willian,0.0,17,1,102.3,False,1398,75,0,0,0,47431.jpg,3.1,0,0,2.7,0,2021,4,1,,2,,None,,70,Midfielder,6.0,13.0,78.0
3,pierre-emerick_aubameyang,3,3,11,358,100,100,10,0,0,-7,7,361.5,3,3,Pierre-Emerick,3.0,26,10,167.4,False,2330,113,1,0,0,54694.jpg,4.5,0,0,7.2,2,2021,4,None,,None,,1,,106,Midfielder,9.0,14.555555555555555,131.0
4,cédric_soares,4,1,3,125,100,100,2,0,0,-4,4,114.8,0,0,Cédric,0.0,11,0,29.2,False,744,46,0,0,0,58822.jpg,2.8,0,0,0.3,1,2021,4,None,,5,,None,,42,Defender,4.0,7.0,28.0
5,alexandre_lacazette,5,3,21,452,100,100,7,0,0,-1,1,307.4,4,1,Alexandre,1.0,21,13,170.4,False,1916,84,0,0,0,59966.jpg,4.2,0,0,4.3,3,2021,4,None,,3,,2,,83,Forward,8.0,16.125,129.0
6,granit_xhaka,8,2,1,396,100,100,10,0,0,-3,3,327.6,0,3,Granit,3.0,27,1,94.0,False,2519,52,0,0,0,84450.jpg,2.3,1,0,0.4,7,2021,4,None,,1,,None,,49,Midfielder,4.0,17.5,70.0
7,pablo_marí,9,0,1,182,100,100,4,0,0,-1,1,26.4,0,0,Pablo,0.0,8,0,20.6,False,900,44,0,0,0,92371.jpg,3.4,0,0,0.1,2,2021,4,None,,None,,None,,43,Defender,4.0,8.5,34.0
8,héctor_bellerín,10,3,17,421,100,0,7,0,0,0,0,351.8,3,0,Héctor,0.0,24,1,94.7,False,2089,50,0,0,0,98745.jpg,3.8,0,0,3.5,8,2021,4,None,,None,,None,,50,Defender,4.0,23.5,94.0
9,sead_kolasinac,12,0,0,9,0,0,0,0,0,-2,2,5.4,0,0,Sead,0.0,1,0,1.3,False,90,48,0,0,0,111457.jpg,2.0,0,0,0.1,0,2021,4,None,,None,,None,,46,Defender,4.0,0.5,2.0
10,mohamed naser_el sayed elneny,28,0,3,258,100,100,5,0,0,-3,3,99.9,1,0,Mohamed Naser,0.0,20,1,37.8,False,1538,42,0,0,0,153256.jpg,2.2,0,0,1.3,3,2021,4,None,,None,,None,,39,Midfielder,4.0,12.5,50.0
11,ainsley_maitland-niles,601,2,1,273,100,100,6,0,0,-4,4,128.9,0,1,Ainsley,1.0,23,0,48.8,False,1714,46,0,0,0,154043.jpg,2.6,0,0,0.8,2,2021,4,None,,None,,None,,42,Defender,5.0,13.6,68.0
12,rob_holding,13,1,10,536,100,100,11,0,0,-2,2,76.1,1,7,Rob,7.0,26,0,77.7,False,2557,43,1,0,0,156074.jpg,3.5,0,0,4.7,2,2021,4,None,,None,,None,,41,Defender,4.0,26.25,105.0
13,thomas_partey,31,2,0,273,100,100,6,0,0,-1,1,195.7,0,3,Thomas,3.0,18,0,61.7,False,1529,49,0,0,0,167199.jpg,2.0,0,0,0.3,5,2021,4,None,,None,,None,,48,Midfielder,5.0,9.4,47.0
14,kieran_tierney,14,4,4,483,100,100,8,0,0,-3,3,490.1,1,6,Kieran,6.0,27,1,113.9,False,2299,52,0,0,0,192895.jpg,3.6,0,0,4.3,4,2021,4,None,,None,,None,,49,Defender,5.0,19.2,96.0
15,nicolas_pépé,15,3,11,351,100,100,4,0,0,-3,3,235.9,2,16,Nicolas,16.0,21,10,148.5,False,1606,77,0,0,0,195735.jpg,3.9,1,0,2.4,1,2021,4,5,,None,,3,,74,Midfielder,6.0,19.0,114.0
16,edward_nketiah,18,1,5,120,None,None,1,0,0,-7,7,97.3,0,0,Edward,0.0,6,2,42.1,False,411,53,0,0,0,205533.jpg,2.1,0,0,0.5,0,2021,4,None,,None,,None,,46,Forward,5.0,7.2,36.0
17,emile_smith rowe,19,5,3,308,100,100,9,0,0,-3,3,385.1,1,3,Emile,3.0,10,2,88.1,False,1438,42,0,0,0,209289.jpg,3.7,0,0,3.5,0,2021,4,None,,None,,None,,39,Midfielder,5.0,14.8,74.0
18,bukayo_saka,20,5,8,414,100,100,8,0,0,-4,4,650.6,2,1,Bukayo,1.0,31,5,212.7,False,2554,51,1,0,0,223340.jpg,3.6,0,0,7.2,1,2021,4,3,,6,,None,,47,Midfielder,6.0,19.0,114.0
19,gabriel_magalhães,26,0,7,385,100,100,6,0,0,-1,1,51.0,1,6,Gabriel,6.0,24,2,74.9,False,1996,49,0,0,0,226597.jpg,3.4,1,0,4.6,2,2021,4,None,,None,,None,,48,Defender,5.0,15.6,78.0
20,gabriel teodoro_martinelli silva,22,1,0,107,100,100,4,0,0,-1,1,133.8,0,1,Gabriel Teodoro,1.0,3,2,57.5,False,582,49,0,0,0,444145.jpg,2.6,0,0,0.3,0,2021,4,None,,None,,None,,48,Midfielder,5.0,7.2,36.0
21,ben_white,87,0,5,571,100,100,12,0,0,0,0,152.5,1,1,Ben,1.0,44,0,79.7,False,3192,45,0,0,0,198869.jpg,2.9,1,0,1.9,3,2021,4,None,,None,,None,,45,Defender,4.0,26.0,104.0
22,reiss_nelson,17,0,0,2,100,100,0,0,0,-4,4,9.7,0,0,Reiss,0.0,0,0,2.4,False,70,51,0,0,0,200641.jpg,1.0,0,0,0.0,0,2021,4,None,,None,,None,,47,Midfielder,5.0,0.4,2.0
23,martin_ødegaard,32,2,3,183,100,100,3,0,0,-4,4,322.8,1,6,Martin,6.0,12,1,65.9,False,861,56,0,0,0,184029.jpg,2.9,0,0,0.6,0,2021,4,2,,None,,None,,52,Midfielder,5.0,8.0,40.0
24,aaron_ramsdale,515,0,12,685,None,None,5,0,0,-4,4,20.0,2,9,Aaron,9.0,63,0,104.7,False,3420,46,0,0,0,225321.jpg,3.2,0,146,2.0,1,2021,4,None,,None,,None,,42,Keeper,5.0,24.6,123.0
25,calum_chambers,11,3,3,168,100,100,2,0,0,0,0,169.4,1,11,Calum,11.0,10,0,41.9,False,751,45,0,0,0,101184.jpg,3.6,0,0,0.2,0,2021,4,None,,None,,None,,45,Defender,4.0,9.0,36.0
26,conor_hourihane,40,1,3,70,0,0,2,0,0,-1,1,82.9,1,0,Conor,0.0,2,1,18.2,False,225,59,0,0,0,85242.jpg,5.0,0,0,0.1,0,2021,4,None,,None,,None,,58,Midfielder,4.0,5.0,20.0
27,emiliano_martínez,34,0,27,825,None,None,15,0,0,8,-8,20.0,2,3,Emiliano,3.0,46,0,108.5,True,3420,53,0,0,1,98980.jpg,4.9,0,142,37.9,1,2021,4,None,,None,,None,,61,Keeper,5.0,37.2,186.0
28,bertrand_traoré,63,7,7,407,100,100,11,0,0,-2,2,530.6,2,13,Bertrand,13.0,31,7,197.6,False,2315,58,0,0,0,110504.jpg,3.8,0,0,0.7,1,2021,4,4,,1,,None,,56,Midfielder,5.0,27.0,135.0
29,morgan_sanson,65,0,0,29,100,0,1,0,0,0,0,28.8,0,0,Morgan,0.0,4,0,6.2,False,288,55,0,0,0,122775.jpg,1.1,0,0,0.0,3,2021,4,6,,None,,None,,55,Midfielder,5.0,2.0,10.0
30,john_mcginn,45,7,2,492,None,None,14,0,0,0,0,600.5,0,1,John,1.0,46,3,154.1,False,3330,55,0,0,0,122806.jpg,3.1,0,0,1.1,12,2021,4,None,,None,,None,,55,Midfielder,5.0,22.8,114.0
31,kortney_hause,46,0,3,124,100,100,3,0,0,-1,1,2.2,1,2,Kortney,2.0,6,1,20.7,False,630,44,0,0,0,123354.jpg,4.6,0,0,0.1,2,2021,4,None,,None,,None,,43,Defender,4.0,8.0,32.0
32,mahmoud ahmed_ibrahim hassan,47,1,3,152,0,0,6,0,0,-3,3,180.1,1,0,Mahmoud Ahmed,0.0,14,2,86.7,False,1157,52,0,0,0,148508.jpg,2.7,0,0,0.4,0,2021,4,None,,None,,None,,49,Midfielder,5.0,11.2,56.0
33,tyrone_mings,48,2,8,633,100,100,14,0,0,4,-4,97.3,2,2,Tyrone,2.0,42,2,119.3,False,3194,54,1,0,0,149484.jpg,3.6,1,0,7.8,4,2021,4,None,,None,,None,,58,Defender,5.0,25.6,128.0
34,ollie_watkins,62,9,18,531,None,None,14,0,0,3,-3,610.4,3,2,Ollie,2.0,46,14,314.0,False,3328,63,0,1,0,178301.jpg,4.5,1,0,22.1,2,2021,4,None,,None,,3,,66,Forward,7.0,24.0,168.0
35,marvelous_nakamba,51,1,1,115,None,None,4,0,0,-2,2,32.5,0,1,Marvelous,1.0,6,0,15.4,False,747,43,0,0,0,184704.jpg,2.1,0,0,0.4,3,2021,4,None,,None,,None,,41,Midfielder,4.0,6.75,27.0
36,matthew_cash,61,2,8,468,100,0,11,0,0,0,0,352.9,1,0,Matthew,0.0,35,0,98.7,False,2373,50,0,0,0,199796.jpg,3.2,1,0,0.7,6,2021,4,None,,None,,None,,50,Defender,5.0,17.8,89.0
37,ezri_konsa ngoyo,53,0,8,580,100,100,12,0,0,1,-1,34.2,1,2,Ezri,2.0,46,2,101.0,False,3195,46,0,0,0,199798.jpg,3.3,0,0,6.2,3,2021,4,None,,None,,None,,47,Defender,4.0,29.75,119.0
38,wesley_moraes,55,0,0,11,100,100,0,0,0,0,0,1.1,0,0,Wesley,0.0,1,0,2.3,False,15,60,0,0,0,213345.jpg,1.0,0,0,0.0,0,2021,4,None,,None,,None,,60,Forward,5.0,0.6,3.0
39,keinan_davis,57,1,0,85,100,100,1,0,0,-3,3,76.7,0,0,Keinan,0.0,1,1,31.7,False,265,42,0,0,0,221239.jpg,1.5,0,0,7.6,0,2021,4,None,,None,,None,,39,Forward,4.0,5.75,23.0
40,douglas luiz_soares de paulo,59,2,0,358,100,100,12,0,0,-2,2,304.5,0,0,Douglas Luiz,0.0,41,0,90.0,False,2781,48,0,0,0,230046.jpg,2.2,1,0,0.2,8,2021,4,None,,5,,None,,46,Midfielder,4.0,18.0,72.0
41,jacob_ramsey,64,0,0,75,None,None,2,0,0,0,0,91.7,0,1,Jacob,1.0,10,0,28.9,False,611,45,0,0,0,232653.jpg,1.3,0,0,0.1,0,2021,4,None,,None,,None,,45,Midfielder,4.0,7.0,28.0
42,lucas_digne,209,9,18,590,100,100,9,0,0,2,-2,704.2,2,0,Lucas,0.0,42,0,143.5,False,2681,62,0,0,0,101188.jpg,4.0,1,0,11.4,2,2021,4,3,,3,,None,,64,Defender,5.0,24.0,120.0
43,danny_ings,538,4,21,464,100,100,6,0,0,-1,1,300.7,1,2,Danny,2.0,40,12,178.4,False,2172,84,0,0,0,84939.jpg,4.5,0,0,6.6,1,2021,4,None,,None,,1,,83,Forward,7.0,18.714285714285715,131.0
44,jaden_philogene-bidace,68,0,0,2,None,None,0,0,0,-1,1,0.5,0,0,Jaden,0.0,0,0,0.1,False,1,44,0,0,0,481624.jpg,1.0,0,0,0.0,0,2021,4,None,,None,,None,,43,Midfielder,5.0,0.2,1.0
45,carney_chukwuemeka,67,0,0,7,None,None,0,0,0,0,0,1.1,0,1,Carney,1.0,0,0,0.6,False,18,45,0,0,0,478912.jpg,1.0,0,0,0.0,0,2021,4,None,,None,,None,,45,Midfielder,4.0,0.5,2.0
46,robin_olsen,230,0,3,119,100,100,2,0,0,0,0,0.0,0,0,Robin,0.0,9,0,16.7,False,630,45,0,0,0,111782.jpg,3.6,0,21,0.1,1,2021,4,None,,None,,None,,45,Keeper,4.0,6.25,25.0
47,adam_lallana,70,1,2,265,100,100,5,0,0,-3,3,355.7,0,1,Adam,1.0,18,1,91.0,False,1584,62,0,0,0,39155.jpg,1.9,0,0,0.3,0,2021,4,5,,None,,None,,59,Midfielder,5.0,11.6,58.0
48,pascal_groß,71,8,11,525,None,None,10,0,0,-2,2,1087.8,0,2,Pascal,2.0,28,3,212.3,False,2479,58,0,1,0,60307.jpg,3.4,0,0,0.4,3,2021,4,1,,1,,1,,56,Midfielder,5.0,23.2,116.0
49,davy_pröpper,73,0,0,38,100,0,0,0,0,-3,3,5.1,0,0,Davy,0.0,2,0,8.2,False,209,47,0,0,0,66242.jpg,1.3,0,0,0.0,0,2021,4,None,,None,,None,,44,Midfielder,4.0,2.25,9.0
50,lewis_dunk,76,0,17,626,100,100,11,0,0,-2,2,136.7,3,1,Lewis,1.0,40,5,130.2,False,2932,48,1,0,0,83299.jpg,3.9,2,0,5.9,5,2021,4,None,,3,,None,,46,Defender,4.0,32.5,130.0
51,solomon_march,79,2,6,283,100,0,7,0,0,-1,1,414.3,1,0,Solomon,0.0,25,2,110.5,False,1670,49,0,0,0,109345.jpg,3.3,0,0,0.4,0,2021,4,None,,None,,None,,48,Midfielder,5.0,13.8,69.0
52,adam_webster,80,0,0,470,100,100,9,0,0,-2,2,96.6,0,1,Adam,1.0,35,1,84.6,False,2594,43,0,0,0,110735.jpg,2.9,0,0,1.0,4,2021,4,None,,None,,None,,41,Defender,4.0,21.25,85.0
53,joël_veltman,81,1,10,432,100,0,9,0,0,-2,2,366.0,2,0,Joël,0.0,27,1,102.1,False,2280,43,0,0,0,111478.jpg,3.4,0,0,1.3,3,2021,4,None,,None,,None,,41,Defender,4.0,24.0,96.0
54,neal_maupay,82,2,12,334,100,0,10,0,0,-7,7,443.2,1,0,Neal,0.0,34,8,198.5,False,2508,58,0,1,0,115382.jpg,3.2,1,0,2.1,1,2021,4,None,,None,,3,,51,Forward,6.0,17.5,105.0
55,leandro_trossard,83,6,15,406,100,100,12,0,0,-5,5,725.1,5,1,Leandro,1.0,30,5,202.8,False,2602,55,0,0,0,116216.jpg,3.8,0,0,1.8,2,2021,4,3,,2,,None,,50,Midfielder,5.0,26.4,132.0
56,mathew_ryan,24,0,0,216,100,0,3,0,0,-4,4,10.7,0,0,Mathew,0.0,21,0,20.6,False,1260,41,0,0,0,131897.jpg,2.6,0,24,5.6,1,2021,4,None,,None,,None,,37,Keeper,4.0,9.25,37.0
57,alireza_jahanbakhsh,84,1,0,102,100,100,1,0,0,-1,1,162.8,0,1,Alireza,1.0,9,0,45.5,False,520,54,0,0,0,165210.jpg,1.1,0,0,0.0,3,2021,4,None,,None,,None,,53,Midfielder,5.0,4.8,24.0
58,bernardo_fernandes da silva junior,88,0,0,30,0,0,0,0,0,-1,1,32.4,0,0,Bernardo,0.0,3,0,12.8,False,205,39,0,0,0,209362.jpg,1.7,0,0,4.0,0,2021,4,None,,None,,None,,38,Defender,4.0,1.25,5.0
59,robert_sánchez,99,0,8,514,None,None,10,0,0,0,0,10.0,3,2,Robert,2.0,27,0,55.8,False,2430,45,0,0,0,215059.jpg,3.7,0,66,3.4,2,2021,4,None,,None,,None,,45,Keeper,4.0,25.25,101.0
60,yves_bissouma,89,0,2,487,100,100,11,0,0,-1,1,295.5,0,2,Yves,2.0,42,1,101.1,False,3112,44,0,0,0,227127.jpg,2.1,1,0,1.6,8,2021,4,None,,None,,None,,43,Midfielder,4.0,19.25,77.0
61,tariq_lamptey,90,3,2,156,100,0,2,0,0,1,-1,162.9,0,0,Tariq,0.0,15,1,46.7,False,887,46,0,0,0,232792.jpg,3.2,1,0,2.2,2,2021,4,None,,None,,None,,47,Defender,4.0,8.75,35.0
62,aaron_connolly,91,1,2,95,100,100,1,0,0,-3,3,74.1,0,1,Aaron,1.0,17,2,48.2,False,783,52,0,0,0,233425.jpg,2.2,0,0,0.3,0,2021,4,None,,None,,None,,49,Forward,5.0,7.6,38.0
63,steven_alzate,92,0,3,141,100,100,5,0,0,-4,4,154.9,1,1,Steven,1.0,17,1,37.6,False,892,41,0,0,0,235382.jpg,2.3,0,0,0.9,2,2021,4,None,,None,,None,,37,Midfielder,4.0,8.75,35.0
64,alexis_mac allister,93,1,3,148,100,100,5,0,0,-2,2,210.6,0,2,Alexis,2.0,14,1,61.5,False,1108,53,0,0,0,243016.jpg,2.3,0,0,0.0,1,2021,4,4,,4,,None,,51,Midfielder,5.0,9.6,48.0
65,jakub_moder,101,0,0,59,100,100,2,0,0,0,0,62.2,0,2,Jakub,2.0,10,0,28.8,False,643,50,0,0,0,243505.jpg,1.8,0,0,0.0,0,2021,4,None,,None,,None,,50,Midfielder,4.0,5.25,21.0
66,danny_welbeck,98,4,15,286,100,0,6,0,0,0,0,269.7,2,0,Danny,0.0,18,6,117.7,False,1541,55,0,1,0,50175.jpg,3.7,0,0,0.6,0,2021,4,None,,None,,2,,55,Forward,5.0,17.8,89.0
67,andi_zeqiri,97,0,0,25,None,None,0,0,0,0,0,18.8,0,0,Andi,0.0,2,0,14.2,False,164,50,0,0,0,204676.jpg,1.0,0,0,0.1,0,2021,4,None,,None,,None,,50,Forward,4.0,2.25,9.0
68,james_tarkowski,110,0,9,534,100,100,11,0,0,-2,2,148.0,1,2,James,2.0,50,1,127.7,False,3240,53,0,0,0,17761.jpg,3.0,0,0,3.0,6,2021,4,None,,None,,None,,51,Defender,4.0,27.25,109.0
69,phil_bardsley,111,0,0,28,100,0,0,0,0,-1,1,12.9,0,0,Phil,0.0,8,0,5.9,False,273,44,0,0,0,17997.jpg,0.5,0,0,0.2,2,2021,4,None,,None,,None,,43,Defender,3.0,0.6666666666666666,2.0
70,erik_pieters,112,3,5,203,100,100,3,0,0,-2,2,77.0,0,0,Erik,0.0,19,0,34.0,False,1260,43,1,0,0,39487.jpg,2.5,0,0,0.4,1,2021,4,5,,None,,None,,41,Defender,4.0,12.5,50.0
71,jack_cork,113,0,0,154,100,100,4,0,0,0,0,126.2,0,2,Jack,2.0,24,0,34.9,False,1350,50,0,0,0,40145.jpg,2.1,0,0,0.0,2,2021,4,None,,None,,None,,50,Midfielder,4.0,8.25,33.0
72,dale_stephens,109,0,0,33,100,0,0,0,0,-3,3,8.3,0,0,Dale,0.0,4,0,8.0,False,257,42,0,0,0,40845.jpg,1.1,0,0,3.1,1,2021,4,None,,None,,None,,39,Midfielder,4.0,2.0,8.0
73,kevin_long,114,0,1,85,100,0,1,0,0,-2,2,12.0,0,0,Kevin,0.0,13,0,14.0,False,636,43,0,0,0,41674.jpg,1.8,0,0,0.1,2,2021,4,None,,None,,None,,41,Defender,4.0,3.5,14.0
74,jay_rodriguez,115,3,2,125,100,100,4,0,0,-3,3,97.4,1,1,Jay,1.0,25,1,68.9,False,1248,57,0,0,0,44683.jpg,1.7,0,0,0.3,3,2021,4,None,,None,,3,,54,Forward,5.0,10.8,54.0
75,ashley_barnes,116,0,7,107,100,100,6,0,0,0,0,243.6,0,1,Ashley,1.0,19,3,93.8,False,1324,60,0,0,0,44699.jpg,2.4,0,0,0.2,4,2021,4,None,,None,,1,,60,Forward,5.0,10.4,52.0
76,ben_mee,117,0,7,500,100,100,10,0,0,-3,3,71.6,1,0,Ben,0.0,41,2,107.9,False,2693,47,0,0,0,51927.jpg,3.4,0,0,2.9,3,2021,4,None,,None,,None,,44,Defender,4.0,25.5,102.0
77,ashley_westwood,118,4,5,585,100,100,11,0,0,-2,2,843.2,1,2,Ashley,2.0,55,3,156.1,False,3410,53,0,0,0,60551.jpg,2.9,0,0,0.7,7,2021,4,1,,None,,None,,51,Midfielder,5.0,22.4,112.0
78,johann berg_gudmundsson,119,0,3,175,100,100,3,0,0,-1,1,160.8,0,2,Johann Berg,2.0,24,2,52.3,False,1358,54,0,0,0,60586.jpg,2.3,0,0,0.0,2,2021,4,3,,3,,None,,53,Midfielder,5.0,10.0,50.0
79,matthew_lowton,121,1,6,545,100,100,10,0,0,-1,1,380.8,1,2,Matthew,2.0,47,1,105.8,False,3060,44,0,0,0,68983.jpg,3.0,0,0,2.5,5,2021,4,None,,None,,None,,43,Defender,4.0,25.75,103.0
80,matej_vydra,122,2,2,194,100,100,3,0,0,-2,2,194.0,0,1,Matej,1.0,24,3,87.3,False,1359,48,0,0,0,81183.jpg,2.2,0,0,1.5,0,2021,4,None,,None,,None,,46,Forward,5.0,12.4,62.0
81,nick_pope,125,0,20,652,100,75,11,0,0,0,0,20.0,2,0,Nick,0.0,37,0,86.8,False,2880,55,0,0,0,98747.jpg,4.5,0,114,9.6,1,2021,4,None,,None,,None,,55,Keeper,5.0,28.8,144.0
82,charlie_taylor,126,2,5,451,100,100,8,0,0,-1,1,248.5,0,2,Charlie,2.0,42,0,79.5,False,2425,44,0,0,0,103914.jpg,2.9,0,0,1.4,1,2021,4,None,,None,,None,,43,Defender,4.0,20.75,83.0
83,will_norris,135,0,0,20,None,None,0,0,0,0,0,10.0,0,2,Will,2.0,4,0,2.6,False,180,40,0,0,0,168399.jpg,1.5,0,2,0.1,0,2021,4,None,,None,,None,,40,Keeper,4.0,0.75,3.0
84,josh_brownhill,127,1,0,359,100,100,10,0,0,-1,1,309.1,0,1,Josh,1.0,42,0,104.5,False,2812,49,0,0,0,172782.jpg,2.2,0,0,0.1,2,2021,4,None,,1,,None,,48,Midfielder,4.0,18.5,74.0
85,josh_benson,132,0,0,27,None,None,1,0,0,-1,1,7.9,0,0,Josh,0.0,7,0,3.7,False,260,44,0,0,0,217401.jpg,1.7,0,0,0.0,0,2021,4,None,,5,,None,,43,Midfielder,4.0,2.5,10.0
86,bailey_peacock-farrell,128,0,0,49,100,100,0,0,0,0,0,0.0,0,0,Bailey,0.0,14,0,8.2,False,360,40,0,0,0,220037.jpg,0.8,0,10,1.1,0,2021,4,None,,None,,None,,40,Keeper,4.0,0.75,3.0
87,dwight_mcneil,129,5,8,493,100,100,11,0,0,-3,3,790.3,2,2,Dwight,2.0,50,2,166.3,False,3068,57,0,0,0,433154.jpg,3.1,0,0,0.5,1,2021,4,2,,4,,None,,54,Midfielder,5.0,22.6,113.0
88,lewis_richardson,137,0,0,5,None,None,0,0,0,0,0,0.0,0,0,Lewis,0.0,0,0,0.0,False,3,45,0,0,0,461096.jpg,1.0,0,0,0.1,0,2021,4,None,,None,,None,,45,Forward,4.0,0.5,2.0
89,césar_azpilicueta,142,2,12,518,100,None,13,0,0,-2,2,413.3,1,-2,César,-2.0,20,1,107.9,False,2187,58,0,0,0,41328.jpg,4.3,1,0,6.4,5,2021,4,None,,None,,None,,56,Defender,5.0,22.6,113.0
90,olivier_giroud,143,0,6,139,100,100,4,0,0,-3,3,112.0,1,0,Olivier,0.0,5,4,67.2,False,740,67,0,0,0,44346.jpg,2.8,0,0,1.1,1,2021,4,None,,None,,4,,64,Forward,6.0,7.833333333333333,47.0
91,marcos_alonso,144,1,5,225,None,None,5,0,0,-4,4,204.1,1,0,Marcos,0.0,13,2,75.6,False,958,56,0,0,0,82263.jpg,4.4,0,0,2.2,2,2021,4,6,,2,,None,,52,Defender,5.0,11.4,57.0
92,jorge luiz_frello filho,145,2,15,485,100,100,14,0,0,-3,3,383.5,5,0,Jorge Luiz,0.0,17,7,114.9,False,2006,47,0,2,0,85955.jpg,4.1,0,0,4.7,2,2021,4,None,,None,,1,,44,Midfielder,5.0,22.8,114.0
93,ross_barkley,60,2,4,286,100,0,8,0,0,-2,2,579.3,1,0,Ross,0.0,24,3,128.6,False,1566,58,0,0,0,88894.jpg,2.9,0,0,0.7,0,2021,4,2,,4,,None,,56,Midfielder,5.0,15.2,76.0
94,mateo_kovacic,146,1,0,332,100,100,9,0,0,-2,2,384.8,0,1,Mateo,1.0,26,0,87.0,False,1809,53,0,0,0,91651.jpg,2.0,0,0,0.3,4,2021,4,None,,None,,None,,51,Midfielder,5.0,10.8,54.0
95,michy_batshuayi,169,2,2,113,100,100,2,0,0,-3,3,113.5,0,0,Michy,0.0,15,2,45.5,False,717,57,0,0,0,94245.jpg,2.3,0,0,0.6,0,2021,4,None,,None,,None,,54,Forward,5.0,8.2,41.0
96,antonio_rüdiger,147,0,9,429,100,100,11,0,0,-3,3,83.8,1,1,Antonio,1.0,10,1,65.4,False,1710,47,1,0,0,102380.jpg,4.9,0,0,5.6,0,2021,4,None,,None,,None,,44,Defender,6.0,15.5,93.0
97,kepa_arrizabalaga,150,0,5,117,100,100,2,0,0,-3,3,0.0,0,0,Kepa,0.0,8,0,11.3,False,585,47,0,0,0,109745.jpg,3.7,0,16,0.6,1,2021,4,None,,None,,None,,44,Keeper,4.0,6.5,26.0
98,n'golo_kanté,151,2,0,375,100,75,10,0,0,-1,1,347.3,0,0,N'Golo,0.0,24,0,89.7,False,2140,49,0,0,0,116594.jpg,2.1,0,0,2.4,7,2021,4,None,,None,,None,,48,Midfielder,4.0,15.5,62.0
99,hakim_ziyech,152,3,8,239,100,100,10,0,0,-1,1,485.6,2,1,Hakim,1.0,7,2,112.8,False,1164,79,0,0,0,124183.jpg,3.0,0,0,2.1,3,2021,4,4,,6,,None,,78,Midfielder,7.0,10.0,70.0
100,ruben_loftus-cheek,240,0,0,178,100,100,11,0,0,-1,1,274.2,0,1,Ruben,1.0,22,1,91.4,False,1962,59,0,0,0,126187.jpg,2.1,0,0,0.2,3,2021,4,None,,None,,None,,58,Midfielder,5.0,13.2,66.0
101,andreas_christensen,153,0,9,323,100,100,8,0,0,-3,3,80.9,1,0,Andreas,0.0,17,0,40.9,False,1371,47,0,0,0,135363.jpg,3.6,1,0,1.1,2,2021,4,None,,None,,None,,44,Defender,4.0,15.25,61.0
102,timo_werner,154,12,7,394,100,100,13,0,0,-3,3,532.4,2,1,Timo,1.0,29,6,232.5,False,2598,92,0,0,0,165153.jpg,3.7,0,0,10.8,2,2021,4,None,,None,,3,,89,Forward,8.0,16.0,128.0
103,benjamin_chilwell,162,6,11,549,100,100,12,0,0,4,-4,535.8,2,8,Benjamin,8.0,23,3,148.5,False,2286,59,0,0,0,172850.jpg,5.1,0,0,14.6,3,2021,4,3,,None,,None,,63,Defender,5.0,27.8,139.0
104,tammy_abraham,155,2,8,224,100,100,5,0,0,-4,4,121.6,1,0,Tammy,0.0,12,6,86.6,False,1031,71,0,0,0,173879.jpg,3.1,0,0,2.0,0,2021,4,None,,None,,None,,67,Forward,6.0,11.5,69.0
105,christian_pulisic,156,3,3,264,100,100,7,0,0,-2,2,378.8,1,5,Christian,5.0,21,4,146.2,False,1731,83,0,0,0,176413.jpg,3.0,0,0,2.8,2,2021,4,None,,None,,None,,81,Midfielder,7.0,11.714285714285714,82.0
106,mason_mount,157,7,16,599,None,None,14,0,0,3,-3,1336.9,2,2,Mason,2.0,32,6,306.3,False,2887,73,0,0,0,184341.jpg,4.1,0,0,17.3,2,2021,4,1,,1,,2,,76,Midfielder,7.0,21.0,147.0
107,ethan_ampadu,516,0,4,341,100,0,2,0,0,-2,2,189.6,1,0,Ethan,0.0,41,0,70.1,False,2087,43,1,0,0,199598.jpg,1.8,0,0,0.4,3,2021,4,5,,None,,None,,41,Defender,4.0,11.0,44.0
108,callum_hudson-odoi,159,3,2,239,100,100,6,0,0,-3,3,471.5,0,0,Callum,0.0,5,2,109.9,False,1050,57,0,0,0,209046.jpg,2.6,0,0,0.4,0,2021,4,5,,None,,None,,54,Midfielder,5.0,11.8,59.0
109,kai_havertz,164,6,3,268,100,75,8,0,0,-2,2,307.7,1,1,Kai,1.0,15,4,114.2,False,1512,83,0,0,0,219847.jpg,3.4,0,0,3.1,2,2021,4,None,,3,,None,,81,Midfielder,7.0,13.0,91.0
110,reece_james,160,3,15,572,100,100,9,0,0,1,-1,697.3,2,1,Reece,1.0,29,1,162.8,False,2367,51,0,0,0,225796.jpg,3.5,0,0,6.9,3,2021,4,2,,4,,None,,52,Defender,6.0,18.666666666666668,112.0
111,edouard_mendy,165,0,8,613,100,100,16,0,0,3,-3,0.0,0,1,Edouard,1.0,25,0,47.2,False,2745,53,0,0,1,228286.jpg,4.5,0,57,10.9,2,2021,4,None,,None,,None,,56,Keeper,6.0,23.333333333333332,140.0
112,emerson_palmieri dos santos,149,0,0,24,None,None,1,0,0,-3,3,7.7,0,0,Emerson,0.0,0,0,2.7,False,88,47,0,0,0,109533.jpg,3.5,0,0,0.1,0,2021,4,None,,None,,None,,44,Defender,4.0,1.75,7.0
113,conor_gallagher,628,2,3,322,100,100,5,0,0,0,0,320.1,0,1,Conor,1.0,48,2,103.2,False,2530,55,0,0,0,232787.jpg,2.4,0,0,0.1,11,2021,4,2,,None,,None,,55,Midfielder,6.0,11.833333333333334,71.0
114,vicente_guaita,173,0,15,639,None,None,8,0,0,-2,2,0.0,4,2,Vicente,2.0,64,0,82.2,False,3330,48,0,0,1,40836.jpg,3.4,0,107,3.6,2,2021,4,None,,None,,None,,46,Keeper,4.0,31.0,124.0
115,james_tomkins,174,0,2,97,100,100,2,0,0,-1,1,11.4,0,1,James,1.0,12,0,14.1,False,551,44,0,0,0,49413.jpg,2.2,0,0,0.0,1,2021,4,None,,None,,None,,43,Defender,4.0,4.5,18.0
116,james_mcarthur,175,2,3,228,100,0,4,0,0,-3,3,202.2,0,0,James,0.0,26,0,55.2,False,1465,52,0,0,0,50471.jpg,2.5,0,0,0.1,3,2021,4,None,,None,,None,,49,Midfielder,4.0,11.25,45.0
117,christian_benteke,177,2,14,338,100,75,5,0,0,0,0,236.5,3,0,Christian,0.0,34,10,177.7,False,1808,55,0,0,0,54861.jpg,3.5,1,0,1.3,1,2021,4,None,,None,,None,,55,Forward,6.0,17.666666666666668,106.0
118,cheikhou_kouyaté,178,0,2,438,None,None,8,0,0,-2,2,103.0,0,2,Cheikhou,2.0,56,1,81.3,False,3121,48,0,0,0,55037.jpg,2.3,0,0,0.3,4,2021,4,None,,None,,None,,46,Midfielder,4.0,20.5,82.0
119,martin_kelly,180,0,0,3,100,100,0,0,0,-4,4,0.0,0,1,Martin,1.0,0,0,0.2,False,1,41,0,0,0,58786.jpg,1.0,0,0,0.2,0,2021,4,None,,None,,None,,37,Defender,3.0,0.3333333333333333,1.0
120,luka_milivojevic,183,1,3,332,100,0,7,0,0,-4,4,329.6,1,0,Luka,0.0,47,1,88.4,False,2357,56,0,1,0,66975.jpg,2.0,1,0,0.2,8,2021,4,3,,1,,1,,52,Midfielder,5.0,12.6,63.0
121,jordan_ayew,185,4,2,216,100,100,6,0,0,-4,4,238.6,0,1,Jordan,1.0,42,1,96.6,False,2086,56,0,0,0,80146.jpg,2.1,0,0,1.4,4,2021,4,None,,None,,4,,52,Forward,5.0,14.0,70.0
122,wilfried_zaha,186,4,11,362,100,100,6,0,0,1,-1,428.5,3,2,Wilfried,2.0,52,11,200.4,False,2612,71,0,0,0,82403.jpg,4.5,0,0,9.9,6,2021,4,None,,None,,3,,72,Midfielder,6.0,22.666666666666668,136.0
123,jeffrey_schlupp,187,3,3,194,100,100,5,0,0,-2,2,242.1,1,1,Jeffrey,1.0,26,2,88.2,False,1415,53,0,0,0,86417.jpg,2.4,0,0,0.1,3,2021,4,None,,None,,None,,51,Midfielder,5.0,13.0,65.0
124,jack_butland,199,0,0,14,100,100,0,0,0,0,0,0.0,0,0,Jack,0.0,2,0,1.7,False,90,45,0,0,0,105666.jpg,2.0,0,3,0.1,0,2021,4,None,,None,,None,,45,Keeper,4.0,0.5,2.0
125,jairo_riedewald,189,0,4,249,100,100,4,0,0,-1,1,160.4,1,1,Jairo,1.0,39,2,52.4,False,1810,44,0,0,0,173954.jpg,1.9,0,0,0.7,4,2021,4,None,,None,,None,,43,Midfielder,4.0,16.0,64.0
126,jean-philippe_mateta,200,0,2,45,100,100,0,0,0,-7,7,16.2,0,0,Jean-Philippe,0.0,4,1,14.0,False,215,53,0,0,0,231747.jpg,2.1,0,0,0.0,0,2021,4,None,,None,,None,,46,Forward,5.0,3.0,15.0
127,eberechi_eze,194,8,17,470,0,0,6,0,0,-2,2,653.1,4,0,Eberechi,0.0,51,4,155.4,False,2555,58,0,0,0,232413.jpg,3.7,0,0,1.2,3,2021,4,1,,3,,None,,56,Midfielder,5.0,25.0,125.0
128,tyrick_mitchell,191,2,5,287,100,100,4,0,0,-2,2,76.8,2,1,Tyrick,1.0,32,1,52.5,False,1710,38,0,0,0,244723.jpg,3.1,0,0,12.8,1,2021,4,None,,None,,None,,36,Defender,4.0,14.5,58.0
129,joel_ward,179,1,6,353,100,100,7,0,0,-2,2,118.2,1,1,Joel,1.0,43,0,51.3,False,2255,43,0,0,0,55494.jpg,2.5,0,0,1.2,5,2021,4,None,,None,,None,,41,Defender,4.0,16.5,66.0
130,joachim_andersen,271,1,7,501,100,100,9,0,0,0,0,109.3,2,0,Joachim,0.0,36,1,84.5,False,2729,45,0,0,0,174874.jpg,3.0,1,0,0.4,6,2021,4,None,,5,,None,,45,Defender,4.0,23.25,93.0
131,nathaniel_clyne,197,1,0,172,100,100,2,0,0,0,0,84.3,0,0,Nathaniel,0.0,22,0,27.2,False,1145,45,0,0,0,57328.jpg,2.2,0,0,0.1,2,2021,4,None,,None,,None,,45,Defender,4.0,7.0,28.0
132,anwar_el ghazi,52,0,13,339,100,100,5,0,0,-8,8,426.1,2,9,Anwar,9.0,22,10,165.1,False,1604,52,0,0,0,193488.jpg,4.0,0,0,1.2,2,2021,4,1,,3,,1,,44,Midfielder,5.0,22.2,111.0
133,fabian_delph,203,0,0,48,100,100,0,0,0,-2,2,29.8,0,0,Fabian,0.0,6,0,6.8,False,260,48,0,0,0,41823.jpg,1.0,0,0,0.0,1,2021,4,None,,None,,None,,46,Midfielder,4.0,2.0,8.0
134,gylfi_sigurdsson,204,5,13,443,100,100,10,0,0,-2,2,644.2,3,-1,Gylfi,-1.0,29,6,168.8,False,2244,68,0,1,0,55422.jpg,3.4,0,0,2.9,2,2021,4,2,,1,,1,,66,Midfielder,6.0,20.333333333333332,122.0
135,seamus_coleman,206,3,4,371,100,0,8,0,0,-1,1,268.2,1,0,Seamus,0.0,19,0,78.0,False,1607,49,0,0,0,59949.jpg,3.2,0,0,2.4,0,2021,4,None,,None,,None,,48,Defender,4.0,20.25,81.0
136,james_rodríguez,226,5,11,432,100,0,5,0,0,2,-2,585.6,1,0,James,0.0,27,6,148.7,False,1763,77,0,0,0,60025.jpg,4.4,0,0,7.8,4,2021,4,1,,2,,None,,79,Midfielder,6.0,16.833333333333332,101.0
137,bernard_anício caldeira duarte,208,0,1,75,100,100,2,0,0,-3,3,142.7,0,1,Bernard,1.0,7,1,32.7,False,447,57,0,0,0,100649.jpg,1.8,0,0,0.1,2,2021,4,None,,None,,None,,54,Midfielder,5.0,4.2,21.0
138,michael_keane,210,1,13,649,100,100,11,0,0,0,0,87.8,3,0,Michael,0.0,43,3,114.5,False,2989,50,0,0,0,106611.jpg,3.6,0,0,6.3,4,2021,4,None,,None,,None,,50,Defender,4.0,31.75,127.0
139,jordan_pickford,211,0,8,570,100,100,10,0,0,-2,2,10.1,2,2,Jordan,2.0,39,0,70.9,False,2742,48,0,0,0,111234.jpg,3.7,0,89,5.3,1,2021,4,None,,None,,None,,46,Keeper,4.0,28.5,114.0
140,allan_marques loureiro,225,0,0,290,100,100,7,0,0,-3,3,233.3,0,2,Allan,2.0,30,0,64.4,False,2050,52,0,0,0,119765.jpg,2.0,0,0,0.6,6,2021,4,None,,None,,None,,49,Midfielder,4.0,11.75,47.0
141,andré filipe_tavares gomes,212,1,0,224,100,100,5,0,0,-2,2,244.5,0,0,André Filipe,0.0,22,0,53.0,False,1559,53,0,0,0,120250.jpg,1.7,0,0,0.2,3,2021,4,4,,None,,None,,51,Midfielder,4.0,12.0,48.0
142,abdoulaye_doucouré,227,3,2,421,100,100,9,0,0,-4,4,319.4,2,1,Abdoulaye,1.0,36,2,102.1,False,2443,51,0,0,0,121599.jpg,2.8,0,0,0.6,6,2021,4,None,,None,,None,,47,Midfielder,5.0,16.0,80.0
143,alex_iwobi,213,3,1,256,100,100,5,0,0,-1,1,263.1,1,1,Alex,1.0,21,1,76.0,False,1530,59,0,0,0,153133.jpg,2.2,0,0,0.2,0,2021,4,None,,None,,None,,58,Midfielder,5.0,13.0,65.0
144,yerry_mina,216,0,7,399,100,100,6,0,0,0,0,23.5,1,0,Yerry,0.0,22,2,72.3,False,1936,55,0,0,0,164511.jpg,3.3,0,0,1.7,2,2021,4,None,,None,,None,,55,Defender,4.0,19.75,79.0
145,tom_davies,217,1,1,209,100,100,5,0,0,-3,3,112.0,0,2,Tom,2.0,23,0,34.7,False,1417,52,0,0,0,173807.jpg,1.9,0,0,0.1,3,2021,4,None,,None,,None,,49,Midfielder,4.0,11.75,47.0
146,dominic_calvert-lewin,218,6,21,528,100,100,11,0,0,5,-5,308.0,3,2,Dominic,2.0,39,16,249.0,False,2871,75,0,0,0,177815.jpg,5.0,0,0,29.5,3,2021,4,None,,None,,None,,80,Forward,7.0,23.571428571428573,165.0
147,mason_holgate,219,0,4,426,100,100,9,0,0,-2,2,126.0,1,-1,Mason,-1.0,32,1,64.1,False,2286,48,0,0,0,194164.jpg,2.9,0,0,1.0,9,2021,4,None,,None,,None,,46,Defender,4.0,20.0,80.0
148,ben_godfrey,229,2,7,537,100,100,11,0,0,1,-1,84.3,2,0,Ben,0.0,35,0,84.8,False,2683,51,1,0,0,198826.jpg,3.2,0,0,1.9,4,2021,4,None,,None,,None,,52,Defender,4.0,25.0,100.0
149,richarlison_de andrade,220,6,18,415,100,100,11,0,0,-3,3,359.7,1,1,Richarlison,1.0,38,7,208.3,False,2862,77,0,0,0,212319.jpg,3.6,1,0,7.1,4,2021,4,None,,None,,2,,74,Forward,7.0,17.571428571428573,123.0
150,joão_virgínia,221,0,0,10,None,None,0,0,0,-2,2,0.0,0,0,João,0.0,0,0,2.5,False,47,43,0,0,0,222627.jpg,2.0,0,3,0.1,0,2021,4,None,,None,,None,,41,Keeper,4.0,0.5,2.0
151,donny_van de beek,450,2,0,133,100,100,0,0,0,-4,4,58.4,0,5,Donny,5.0,12,1,24.5,False,511,66,0,0,0,180184.jpg,1.7,0,0,1.3,1,2021,4,None,,None,,None,,62,Midfielder,5.0,6.4,32.0
152,bamidele_alli,578,2,0,101,100,100,3,0,0,-6,6,132.1,0,2,Bamidele,2.0,9,0,39.9,False,613,74,0,0,0,108823.jpg,2.0,0,0,0.6,0,2021,4,None,,None,,4,,68,Midfielder,6.0,5.0,30.0
153,andros_townsend,182,5,8,378,None,None,7,0,0,-5,5,694.6,0,2,Andros,2.0,37,1,152.1,False,2250,55,0,0,0,60252.jpg,2.8,0,0,1.1,0,2021,4,2,,4,,None,,50,Midfielder,5.0,18.8,94.0
154,demarai_gray,292,0,0,3,0,0,0,0,0,-4,4,1.3,0,0,Demarai,0.0,0,0,0.5,False,18,51,0,0,0,172632.jpg,1.0,0,0,0.1,0,2021,4,None,,None,,None,,47,Midfielder,5.0,0.2,1.0
155,jonjoe_kenny,214,0,0,19,0,0,0,0,0,-2,2,8.1,0,0,Jonjoe,0.0,1,0,2.8,False,78,43,0,0,0,153673.jpg,1.2,0,0,0.1,0,2021,4,None,,None,,None,,41,Defender,4.0,1.25,5.0
156,anthony_gordon,222,0,0,11,0,0,0,0,0,-2,2,12.7,0,0,Anthony,0.0,0,0,3.1,False,87,43,0,0,0,232826.jpg,1.0,0,0,0.4,0,2021,4,None,,None,,None,,41,Midfielder,4.0,0.75,3.0
157,jean-philippe_gbamin,215,0,0,1,100,0,0,0,0,0,0,0.9,0,0,Jean-Philippe,0.0,1,0,0.5,False,11,50,0,0,0,160987.jpg,1.0,0,0,0.0,0,2021,4,None,,None,,None,,50,Midfielder,4.0,0.25,1.0
158,nathan_broadhead,235,0,0,5,None,None,0,0,0,0,0,0.0,0,0,Nathan,0.0,0,0,0.2,False,2,45,0,0,0,173818.jpg,1.0,0,0,0.0,0,2021,4,None,,None,,None,,45,Midfielder,4.0,0.25,1.0
159,moise_kean,223,0,0,1,0,0,0,0,0,-3,3,1.3,0,0,Moise,0.0,0,0,0.9,False,13,57,0,0,0,242058.jpg,1.0,0,0,0.2,0,2021,4,None,,None,,None,,54,Forward,6.0,0.3333333333333333,2.0
160,niels_nkounkou,228,0,0,9,100,100,0,0,0,0,0,5.7,0,1,Niels,1.0,1,0,2.2,False,80,40,0,0,0,495542.jpg,1.0,0,0,0.2,1,2021,4,None,,None,,None,,40,Defender,4.0,0.5,2.0
161,cenk_tosun,207,0,0,12,0,0,0,0,0,0,0,11.6,0,0,Cenk,0.0,3,0,1.8,False,44,60,0,0,0,66838.jpg,0.8,0,0,0.0,1,2021,4,None,,None,,None,,60,Forward,5.0,0.8,4.0
162,kasper_schmeichel,279,0,6,631,100,100,11,0,0,-1,1,0.0,3,-2,Kasper,-2.0,50,0,76.9,False,3420,54,1,0,0,17745.jpg,3.4,0,88,9.6,0,2021,4,None,,None,,None,,53,Keeper,4.0,32.0,128.0
163,jonny_evans,281,2,12,536,100,0,10,0,0,1,-1,129.0,2,0,Jonny,0.0,31,2,77.9,False,2473,56,1,0,0,37642.jpg,3.9,0,0,1.4,7,2021,4,None,,None,,None,,57,Defender,5.0,21.8,109.0
164,marc_albrighton,283,7,3,325,None,None,4,0,0,-3,3,544.2,1,2,Marc,2.0,22,1,123.9,False,1735,52,0,0,0,51938.jpg,2.5,0,0,0.2,2,2021,4,3,,None,,None,,49,Midfielder,5.0,15.6,78.0
165,nampalys_mendy,303,1,0,234,None,None,4,0,0,-3,3,118.7,0,2,Nampalys,2.0,25,0,29.6,False,1452,42,0,0,0,86881.jpg,1.8,0,0,1.5,5,2021,4,None,,None,,None,,39,Midfielder,4.0,10.25,41.0
166,jamie_vardy,286,14,23,649,100,100,8,0,0,2,-2,356.6,7,13,Jamie,13.0,44,15,248.3,True,2838,102,0,1,0,101668.jpg,5.5,0,0,17.5,1,2021,4,None,,None,,1,,104,Forward,10.0,18.7,187.0
167,dennis_praet,287,2,1,129,100,100,3,0,0,-3,3,132.1,0,0,Dennis,0.0,11,1,36.9,False,714,52,0,0,0,106837.jpg,2.5,0,0,0.1,0,2021,4,None,,None,,None,,49,Midfielder,4.0,9.25,37.0
168,ricardo domingos_barbosa pereira,288,1,0,152,100,100,2,0,0,-1,1,162.4,0,0,Ricardo Domingos,0.0,19,0,48.9,False,954,59,0,0,0,111931.jpg,1.8,0,0,0.6,3,2021,4,None,,None,,None,,58,Defender,5.0,5.4,27.0
169,daniel_amartey,289,0,2,121,100,100,0,0,0,-1,1,10.9,0,0,Daniel,0.0,12,1,22.7,False,718,39,0,0,0,155569.jpg,1.7,0,0,1.2,3,2021,4,None,,None,,None,,38,Defender,4.0,4.75,19.0
170,timothy_castagne,302,4,7,479,100,100,6,0,0,3,-3,350.2,4,0,Timothy,0.0,37,2,101.7,False,2345,58,0,0,0,166477.jpg,3.5,0,0,5.7,1,2021,4,None,,None,,None,,61,Defender,5.0,18.8,94.0
171,youri_tielemans,290,4,11,633,None,None,11,0,0,-1,1,788.2,2,2,Youri,2.0,50,6,209.1,False,3356,64,0,0,0,166989.jpg,3.5,0,0,3.8,6,2021,4,1,,2,,3,,63,Midfielder,6.0,22.166666666666668,133.0
172,ayoze_pérez,291,1,2,149,100,100,5,0,0,-5,5,323.6,0,1,Ayoze,1.0,21,2,106.1,False,1322,60,0,0,0,168580.jpg,2.3,0,0,0.6,2,2021,4,4,,4,,2,,55,Midfielder,5.0,11.6,58.0
173,james_maddison,293,7,12,473,100,100,10,0,0,2,-2,770.3,3,2,James,2.0,28,8,202.5,False,2093,72,0,0,0,172780.jpg,4.3,0,0,5.5,4,2021,4,2,,1,,4,,74,Midfielder,7.0,19.0,133.0
174,kelechi_iheanacho,294,2,18,424,None,None,5,0,0,2,-2,413.9,3,2,Kelechi,2.0,23,12,176.5,False,1452,62,0,1,0,173515.jpg,4.4,0,0,19.5,1,2021,4,None,,None,,5,,64,Forward,7.0,15.714285714285714,110.0
175,hamza_choudhury,295,0,0,59,None,None,2,0,0,-4,4,13.5,0,0,Hamza,0.0,2,0,7.6,False,311,46,0,0,0,197469.jpg,1.4,0,0,0.1,1,2021,4,None,,None,,None,,42,Midfielder,4.0,3.5,14.0
176,harvey_barnes,296,5,13,348,100,0,7,0,0,-4,4,359.0,2,0,Harvey,0.0,25,9,172.7,False,1944,66,0,0,0,201666.jpg,5.0,0,0,2.7,0,2021,4,None,,None,,None,,62,Midfielder,6.0,21.0,126.0
177,wilfred_ndidi,297,4,11,430,100,100,7,0,0,-2,2,234.5,0,2,Wilfred,2.0,31,1,86.2,False,2175,48,0,0,0,203341.jpg,3.0,0,0,0.7,6,2021,4,None,,None,,None,,46,Midfielder,4.0,19.75,79.0
178,çaglar_söyüncü,299,0,3,360,100,100,5,0,0,-2,2,114.4,0,0,Çaglar,0.0,30,1,67.7,False,1816,53,0,0,0,218031.jpg,2.6,0,0,3.0,2,2021,4,None,,None,,None,,51,Defender,4.0,14.75,59.0
179,james_justin,300,2,13,447,0,0,9,0,0,3,-3,290.7,3,0,James,0.0,25,2,96.0,False,2070,48,0,0,0,220627.jpg,4.4,0,0,6.1,4,2021,4,None,,None,,None,,51,Defender,4.0,25.25,101.0
180,luke_thomas,301,0,0,132,None,None,1,0,0,-4,4,111.7,0,0,Luke,0.0,18,1,38.1,False,968,41,0,0,0,244619.jpg,1.9,0,0,0.4,2,2021,4,None,,None,,None,,37,Defender,4.0,6.5,26.0
181,wesley_fofana,305,1,5,464,100,100,7,0,0,0,0,107.8,1,1,Wesley,1.0,30,0,73.4,False,2260,50,0,0,0,444463.jpg,2.5,0,0,1.0,7,2021,4,None,,None,,None,,50,Defender,4.0,17.75,71.0
182,jannik_vestergaard,541,1,4,494,100,100,6,0,0,2,-2,102.1,1,1,Jannik,1.0,47,3,106.7,False,2574,47,0,0,0,93100.jpg,2.9,1,0,2.8,3,2021,4,None,,None,,None,,49,Defender,4.0,21.5,86.0
183,ryan_bertrand,534,2,4,404,100,0,8,0,0,0,0,271.8,0,0,Ryan,0.0,51,0,71.4,False,2598,50,0,0,0,40146.jpg,2.7,0,0,0.7,5,2021,4,2,,2,,None,,50,Defender,4.0,19.5,78.0
184,ademola_lookman,269,4,8,367,100,100,10,0,0,-3,3,884.6,1,2,Ademola,2.0,33,4,232.7,False,2746,47,0,1,0,219352.jpg,3.1,0,0,1.3,5,2021,4,1,,1,,4,,44,Midfielder,5.0,21.4,107.0
185,pablo_hernández domínguez,313,3,0,103,100,100,1,0,0,-3,3,97.9,0,6,Pablo,6.0,6,0,33.4,False,414,57,0,0,0,28690.jpg,1.8,0,0,0.3,1,2021,4,None,,4,,None,,54,Midfielder,5.0,5.6,28.0
186,francisco_casilla cortés,314,0,2,58,100,100,1,0,0,-4,4,0.0,1,3,Francisco,3.0,2,0,6.8,False,270,41,0,0,0,39790.jpg,4.7,0,8,1.0,0,2021,4,None,,None,,None,,37,Keeper,4.0,3.5,14.0
187,liam_cooper,315,0,2,454,100,100,6,0,0,-2,2,17.7,0,1,Liam,1.0,41,1,89.8,False,2186,43,0,0,0,55914.jpg,2.4,1,0,0.3,4,2021,4,None,,None,,None,,41,Defender,4.0,14.75,59.0
188,luke_ayling,317,0,2,665,None,None,12,0,0,-1,1,421.4,0,2,Luke,2.0,54,0,161.6,False,3399,44,0,0,0,66588.jpg,2.6,0,0,2.7,7,2021,4,None,,None,,None,,43,Defender,4.0,25.0,100.0
189,mateusz_klich,318,5,3,407,100,0,8,0,0,-3,3,661.4,0,0,Mateusz,0.0,44,4,145.7,False,2386,52,0,0,0,72222.jpg,2.8,0,0,2.3,6,2021,4,5,,None,,2,,49,Midfielder,5.0,19.8,99.0
190,rodrigo_moreno,337,4,16,341,100,100,3,0,0,-3,3,409.7,3,8,Rodrigo,8.0,21,7,142.4,False,1279,57,0,0,0,80954.jpg,3.4,0,0,2.7,3,2021,4,None,,5,,None,,54,Forward,6.0,14.833333333333334,89.0
191,stuart_dallas,320,3,15,726,None,None,12,0,0,10,-10,454.6,4,2,Stuart,2.0,53,8,174.2,True,3410,55,0,0,0,87873.jpg,4.5,0,0,33.1,7,2021,4,1,,None,,None,,65,Defender,4.0,42.75,171.0
192,patrick_bamford,322,11,26,631,100,100,10,0,0,11,-11,371.0,5,6,Patrick,6.0,50,17,274.6,True,3052,66,0,0,0,106617.jpg,5.1,0,0,45.2,3,2021,4,None,,None,,1,,77,Forward,7.0,27.714285714285715,194.0
193,diego_llorente,340,0,3,255,100,0,4,0,0,-1,1,51.0,1,0,Diego,0.0,12,1,46.0,False,1203,44,0,0,0,149915.jpg,3.3,0,0,0.6,1,2021,4,None,,None,,None,,43,Defender,4.0,12.5,50.0
194,kalvin_phillips,324,2,2,396,100,100,9,0,0,-1,1,539.3,0,6,Kalvin,6.0,34,1,115.8,False,2428,49,0,0,0,155405.jpg,2.3,0,0,0.9,10,2021,4,4,,2,,None,,48,Midfielder,4.0,16.75,67.0
195,hélder wander_sousa de azevedo e costa,325,4,2,162,100,0,3,0,0,-5,5,134.3,1,0,Hélder Wander,0.0,23,3,64.7,False,1150,50,1,0,0,165808.jpg,2.9,0,0,2.1,0,2021,4,None,,None,,None,,45,Midfielder,5.0,12.6,63.0
196,tyler_roberts,326,2,0,169,None,None,4,0,0,-4,4,239.0,0,1,Tyler,1.0,19,1,72.5,False,1330,46,0,0,0,173821.jpg,1.8,0,0,0.1,3,2021,4,None,,None,,None,,42,Midfielder,4.0,12.25,49.0
197,robin_koch,336,0,2,220,100,0,4,0,0,-2,2,52.2,1,0,Robin,0.0,21,0,41.4,False,1130,43,0,0,0,193645.jpg,2.2,0,0,0.3,1,2021,4,None,,None,,None,,41,Defender,4.0,9.5,38.0
198,ian carlo_poveda-ocampo,329,0,0,43,100,100,0,0,0,-3,3,71.5,0,0,Ian Carlo,0.0,5,0,21.8,False,344,42,0,0,0,215460.jpg,1.0,0,0,0.3,0,2021,4,None,,None,,None,,39,Midfielder,4.0,3.5,14.0
199,raphael_dias belloli,341,10,11,489,100,100,9,0,0,1,-1,889.3,4,5,Raphael,5.0,34,6,251.3,False,2358,56,0,0,0,219961.jpg,4.4,0,0,9.4,3,2021,4,3,,1,,None,,57,Midfielder,6.0,22.166666666666668,133.0
200,jamie_shackleton,330,0,0,72,100,100,1,0,0,-2,2,45.7,0,0,Jamie,0.0,11,0,11.4,False,454,48,0,0,0,221610.jpg,1.3,0,0,0.0,0,2021,4,None,,None,,None,,46,Midfielder,4.0,4.25,17.0
201,pascal_struijk,331,0,2,402,100,100,7,0,0,0,0,66.3,1,1,Pascal,1.0,32,1,80.1,False,2072,40,0,0,0,222694.jpg,2.6,0,0,5.3,3,2021,4,None,,None,,None,,40,Defender,4.0,17.75,71.0
202,illan_meslier,333,0,20,774,100,100,11,0,0,3,-3,10.0,5,0,Illan,0.0,52,0,103.7,False,3150,48,1,0,1,437495.jpg,4.4,0,140,8.5,0,2021,4,None,,None,,None,,51,Keeper,4.0,38.5,154.0
203,jack_harrison,323,10,15,542,100,100,11,0,0,1,-1,821.7,4,5,Jack,5.0,45,8,225.2,False,2846,56,0,0,0,221399.jpg,4.4,0,0,7.6,2,2021,4,2,,3,,None,,57,Midfielder,5.0,32.0,160.0
204,daniel_james,441,1,1,145,100,100,4,0,0,-3,3,145.7,0,5,Daniel,5.0,7,3,61.5,False,907,62,0,0,0,200617.jpg,2.9,0,0,0.2,3,2021,4,None,,None,,None,,59,Midfielder,6.0,7.166666666666667,43.0
205,james_milner,350,2,2,204,100,100,4,0,0,-2,2,242.0,1,0,James,0.0,10,0,55.2,False,1056,53,0,0,0,15157.jpg,1.7,0,0,0.1,3,2021,4,4,,None,,1,,51,Midfielder,4.0,11.0,44.0
206,jordan_henderson,353,2,2,345,100,25,4,0,0,-1,1,262.3,0,0,Jordan,0.0,23,1,72.9,False,1704,54,0,0,0,56979.jpg,2.7,0,0,0.9,0,2021,4,5,,5,,None,,53,Midfielder,4.0,14.0,56.0
207,adrián_san miguel del castillo,354,0,2,60,None,None,1,0,0,-3,3,0.0,0,0,Adrián,0.0,9,0,5.9,False,270,42,0,0,0,60706.jpg,3.7,0,10,0.3,0,2021,4,None,,None,,None,,39,Keeper,4.0,2.75,11.0
208,joel_matip,355,2,5,194,100,0,3,0,0,-1,1,42.4,1,0,Joel,0.0,5,1,30.6,False,690,54,0,0,0,60914.jpg,4.2,0,0,0.4,2,2021,4,None,,None,,None,,53,Defender,5.0,8.4,42.0
209,thiago_alcántara do nascimento,374,0,1,331,100,100,8,0,0,-5,5,460.3,0,3,Thiago,3.0,18,1,101.9,False,1851,55,0,0,0,61558.jpg,2.3,0,0,1.2,4,2021,4,None,,None,,None,,50,Midfielder,5.0,11.0,55.0
210,xherdan_shaqiri,356,2,1,127,100,100,2,0,0,-1,1,294.2,0,0,Xherdan,0.0,7,0,47.6,False,548,64,0,0,0,68312.jpg,1.9,0,0,0.1,2,2021,4,3,,3,,None,,63,Midfielder,5.0,5.2,26.0
211,alex_oxlade-chamberlain,357,1,0,58,100,100,0,0,0,-2,2,32.9,0,1,Alex,1.0,6,1,17.1,False,243,63,0,0,0,81880.jpg,1.6,0,0,0.1,0,2021,4,None,,None,,None,,61,Midfielder,5.0,4.2,21.0
212,roberto_firmino,358,8,15,615,100,100,10,0,0,-4,4,643.2,2,5,Roberto,5.0,39,9,278.8,False,2837,91,0,0,0,92217.jpg,3.9,0,0,5.7,2,2021,4,None,,None,,4,,87,Forward,8.0,17.625,141.0
213,virgil_van dijk,359,0,1,73,100,0,1,0,0,-3,3,4.8,0,0,Virgil,0.0,11,1,15.3,False,370,62,0,0,0,97032.jpg,3.0,0,0,6.2,1,2021,4,None,,None,,None,,59,Defender,6.0,2.5,15.0
214,sadio_mané,360,11,14,513,100,100,12,0,0,-2,2,809.7,3,16,Sadio,16.0,28,11,315.5,True,2808,118,0,0,0,110979.jpg,5.0,0,0,8.2,3,2021,4,None,,None,,3,,116,Midfielder,11.0,16.0,176.0
215,alisson_ramses becker,361,0,13,660,100,100,10,0,0,0,0,0.1,2,8,Alisson,8.0,32,1,79.4,False,2970,60,0,0,1,116535.jpg,4.2,0,84,8.3,1,2021,4,None,,None,,None,,60,Keeper,6.0,23.333333333333332,140.0
216,fabio henrique_tavares,362,2,2,421,100,100,11,0,0,-1,1,106.8,0,3,Fabio Henrique,3.0,29,0,64.6,False,2566,54,0,0,0,116643.jpg,2.4,0,0,0.9,6,2021,4,None,,4,,None,,53,Midfielder,5.0,14.2,71.0
217,mohamed_salah,363,6,21,657,100,100,11,0,0,9,-9,825.7,4,6,Mohamed,6.0,41,22,385.8,True,3077,129,0,0,0,118748.jpg,6.2,0,0,43.6,0,2021,4,None,,2,,2,,138,Midfielder,13.0,17.76923076923077,231.0
218,andrew_robertson,364,8,19,834,100,100,12,0,0,3,-3,1129.3,3,8,Andrew,8.0,42,1,224.5,True,3384,73,0,0,0,122798.jpg,4.2,0,0,16.5,2,2021,4,1,,None,,None,,76,Defender,7.0,23.0,161.0
219,divock_origi,365,0,0,23,100,100,1,0,0,-4,4,33.2,0,0,Divock,0.0,0,0,11.1,False,180,51,0,0,0,152760.jpg,1.1,0,0,0.6,0,2021,4,None,,None,,None,,47,Forward,4.0,2.5,10.0
220,takumi_minamino,532,0,2,153,100,100,2,0,0,-5,5,92.3,0,2,Takumi,2.0,18,3,54.0,False,999,60,0,0,0,157882.jpg,2.5,0,0,0.3,1,2021,4,None,,None,,None,,55,Midfielder,5.0,9.6,48.0
221,trent_alexander-arnold,367,8,26,761,100,100,10,0,0,3,-3,1238.8,4,5,Trent,5.0,40,2,255.7,True,3029,78,0,0,0,169187.jpg,4.4,0,0,27.1,2,2021,4,2,,1,,None,,81,Defender,8.0,20.0,160.0
222,joseph_gomez,368,0,0,94,100,0,0,0,0,-3,3,18.1,0,0,Joseph,0.0,14,0,12.5,False,589,52,0,0,0,171287.jpg,1.4,0,0,1.0,0,2021,4,None,,None,,None,,49,Defender,4.0,2.5,10.0
223,naby_keita,369,0,0,78,100,0,2,0,0,-3,3,100.5,0,0,Naby,0.0,8,0,29.0,False,517,52,0,0,0,175592.jpg,1.5,0,0,0.2,1,2021,4,None,,None,,None,,49,Midfielder,5.0,3.0,15.0
224,diogo_jota,373,0,9,228,100,50,4,0,0,4,-4,188.3,0,1,Diogo,1.0,15,9,125.7,False,1106,69,0,0,0,194634.jpg,4.5,0,0,5.7,2,2021,4,None,,None,,None,,73,Midfielder,8.0,10.75,86.0
225,nathaniel_phillips,376,1,1,325,100,100,7,0,0,2,-2,90.6,1,6,Nathaniel,6.0,11,1,60.1,False,1455,42,0,0,0,197464.jpg,4.0,0,0,4.7,2,2021,4,None,,None,,None,,44,Defender,4.0,17.0,68.0
226,caoimhin_kelleher,375,0,0,41,100,100,1,0,0,0,0,0.0,1,0,Caoimhin,0.0,1,0,5.8,False,180,45,0,0,0,200720.jpg,5.0,0,6,0.1,0,2021,4,None,,None,,None,,45,Keeper,4.0,2.5,10.0
227,curtis_jones,370,2,0,226,100,100,5,0,0,-1,1,233.4,0,0,Curtis,0.0,14,1,74.8,False,1169,44,0,0,0,206915.jpg,2.1,0,0,0.6,2,2021,4,None,,None,,None,,43,Midfielder,5.0,10.0,50.0
228,konstantinos_tsimikas,351,0,0,5,100,100,0,0,0,-1,1,0.1,0,0,Konstantinos,0.0,0,0,0.0,False,6,49,0,0,0,214285.jpg,1.0,0,0,0.0,0,2021,4,None,,None,,None,,48,Defender,3.0,0.6666666666666666,2.0
229,neco_williams,371,0,0,51,None,None,1,0,0,-2,2,47.8,0,0,Neco,0.0,1,0,12.2,False,247,38,0,0,0,215136.jpg,1.8,0,0,4.1,1,2021,4,None,,None,,None,,36,Defender,3.0,3.6666666666666665,11.0
230,rhys_williams,377,0,1,135,100,100,3,0,0,0,0,29.8,0,6,Rhys,6.0,6,0,20.4,False,659,40,0,0,0,219937.jpg,3.1,0,0,0.3,0,2021,4,None,,None,,None,,40,Defender,4.0,7.0,28.0
231,ben_davies,579,2,1,253,100,0,4,0,0,-5,5,136.8,0,0,Ben,0.0,16,0,43.4,False,1340,45,0,0,0,115556.jpg,2.6,0,0,0.6,1,2021,4,None,,None,,None,,40,Defender,4.0,13.0,52.0
232,ben_davies,579,2,1,253,100,0,4,0,0,-5,5,136.8,0,0,Ben,0.0,16,0,43.4,False,1340,45,0,0,0,115556.jpg,2.6,0,0,0.6,1,2021,4,None,,None,,None,,40,Defender,4.0,13.0,52.0
233,ben_davies,579,2,1,253,100,0,4,0,0,-5,5,136.8,0,0,Ben,0.0,16,0,43.4,False,1340,45,0,0,0,115556.jpg,2.6,0,0,0.6,1,2021,4,None,,None,,None,,40,Defender,4.0,13.0,52.0
234,ben_davies,579,2,1,253,100,0,4,0,0,-5,5,136.8,0,0,Ben,0.0,16,0,43.4,False,1340,45,0,0,0,115556.jpg,2.6,0,0,0.6,1,2021,4,None,,None,,None,,40,Defender,4.0,13.0,52.0
235,jack_grealish,44,12,13,531,100,100,12,0,0,5,-5,1029.6,2,2,Jack,2.0,28,6,265.3,False,2183,75,0,0,0,114283.jpg,5.2,0,0,14.6,6,2021,4,3,,2,,2,,80,Midfielder,7.0,19.285714285714285,135.0
236,kyle_walker,390,1,7,410,100,100,9,0,0,1,-1,200.9,2,6,Kyle,6.0,20,1,62.1,False,1944,61,0,0,0,58621.jpg,3.8,0,0,4.9,1,2021,4,None,,None,,None,,62,Defender,5.0,18.2,91.0
237,ilkay_gündogan,391,4,22,620,100,100,12,0,0,0,0,688.4,6,0,Ilkay,0.0,16,13,215.7,False,2025,55,0,1,0,59859.jpg,5.6,0,0,17.1,1,2021,4,6,,4,,5,,55,Midfielder,7.0,22.428571428571427,157.0
238,kevin_de bruyne,392,12,19,566,100,100,12,0,0,3,-3,1170.1,3,13,Kevin,13.0,17,6,284.7,False,1995,118,0,1,0,61366.jpg,5.6,0,0,11.9,1,2021,4,1,,1,,3,,121,Midfielder,11.0,12.818181818181818,141.0
239,john_stones,393,0,11,531,100,100,14,0,0,1,-1,79.8,2,6,John,6.0,12,4,79.0,False,1933,51,0,0,0,97299.jpg,5.8,1,0,9.7,0,2021,4,None,,None,,None,,52,Defender,5.0,25.6,128.0
240,benjamin_mendy,394,1,8,222,100,100,5,0,0,-1,1,117.1,3,0,Benjamin,0.0,10,2,38.4,False,951,59,0,0,0,102826.jpg,4.8,0,0,1.7,2,2021,4,None,,None,,None,,58,Defender,5.0,12.6,63.0
241,riyad_mahrez,395,8,15,505,None,None,11,0,0,-4,4,693.6,4,6,Riyad,6.0,22,9,219.1,False,1945,81,0,0,0,103025.jpg,5.4,0,0,6.4,0,2021,4,3,,3,,2,,77,Midfielder,8.0,18.125,145.0
242,raheem_sterling,396,9,10,458,100,100,14,0,0,-6,6,584.1,1,5,Raheem,5.0,23,10,260.3,False,2534,109,0,1,0,103955.jpg,5.0,0,0,4.3,4,2021,4,None,,2,,6,,103,Midfielder,10.0,15.4,154.0
243,joão pedro cavaco_cancelo,397,4,18,610,100,0,14,0,0,3,-3,673.0,3,0,João Pedro Cavaco,0.0,21,2,163.7,False,2298,58,0,0,0,121145.jpg,4.9,1,0,10.6,5,2021,4,None,,None,,None,,61,Defender,7.0,19.714285714285715,138.0
244,ederson_santana de moraes,398,1,3,696,100,100,19,0,0,1,-1,10.0,2,12,Ederson,12.0,28,0,59.6,False,3240,61,0,0,1,121160.jpg,4.4,0,66,9.4,3,2021,4,None,,None,,None,,62,Keeper,6.0,26.666666666666668,160.0
245,nathan_aké,399,0,1,150,100,100,3,0,0,-1,1,46.9,0,0,Nathan,0.0,13,1,24.7,False,797,54,0,0,0,126184.jpg,2.9,0,0,2.4,4,2021,4,None,,None,,None,,53,Defender,4.0,7.25,29.0
246,aymeric_laporte,400,0,4,286,100,100,7,0,0,0,0,78.0,0,0,Aymeric,0.0,10,0,39.6,False,1343,60,0,0,0,146941.jpg,3.6,0,0,2.3,1,2021,4,None,,None,,None,,60,Defender,5.0,11.6,58.0
247,zack_steffen,410,0,0,8,None,None,0,0,0,-1,1,0.0,0,0,Zack,0.0,1,0,1.0,False,90,44,0,0,0,164484.jpg,2.0,0,1,0.1,0,2021,4,None,,None,,None,,43,Keeper,4.0,0.5,2.0
248,bernardo mota_veiga de carvalho e silva,401,7,9,413,100,100,11,0,0,-1,1,476.2,2,0,Bernardo Mota,0.0,18,2,134.1,False,2063,74,0,0,0,165809.jpg,3.6,0,0,1.1,5,2021,4,5,,None,,None,,73,Midfielder,7.0,13.428571428571429,94.0
249,rúben santos_gato alves dias,413,1,12,656,100,100,17,0,0,4,-4,91.0,1,5,Rúben Santos,5.0,21,1,96.3,False,2843,59,1,0,0,171314.jpg,4.4,0,0,19.9,4,2021,4,None,,None,,None,,63,Defender,6.0,23.666666666666668,142.0
250,gabriel fernando_de jesus,402,5,16,453,100,100,11,0,0,-4,4,467.5,1,6,Gabriel Fernando,6.0,17,9,190.0,False,2056,91,0,0,0,205651.jpg,4.0,0,0,2.5,2,2021,4,None,,None,,None,,87,Forward,8.0,14.375,115.0
251,oleksandr_zinchenko,403,0,5,353,100,100,8,0,0,0,0,295.7,1,6,Oleksandr,6.0,14,0,70.3,False,1473,55,0,0,0,206325.jpg,3.5,0,0,0.6,0,2021,4,4,,5,,None,,55,Defender,5.0,13.8,69.0
252,phil_foden,404,8,17,479,None,None,6,0,0,-4,4,545.8,5,6,Phil,6.0,16,9,186.0,False,1607,61,0,0,0,209244.jpg,4.8,0,0,9.8,0,2021,4,2,,None,,None,,57,Midfielder,7.0,19.285714285714285,135.0
253,rodrigo_hernandez,406,2,5,531,100,100,13,0,0,-2,2,546.3,0,1,Rodrigo,1.0,27,2,152.4,False,2747,53,0,0,0,220566.jpg,2.7,0,0,0.4,6,2021,4,None,,None,,4,,51,Midfielder,5.0,18.2,91.0
254,ferran_torres,407,4,4,265,100,100,7,0,0,0,0,276.4,1,1,Ferran,1.0,13,7,117.0,False,1297,70,0,0,0,224444.jpg,4.0,0,0,3.6,1,2021,4,7,,None,,None,,70,Midfielder,6.0,15.833333333333334,95.0
255,fernando_luiz rosa,386,2,8,303,100,100,7,0,0,-1,1,220.8,2,15,Fernando,15.0,10,0,57.6,False,1182,54,0,0,0,27789.jpg,3.1,0,0,0.7,6,2021,4,None,,None,,None,,53,Defender,4.0,16.25,65.0
256,scott_carson,415,0,1,27,100,100,0,0,0,-1,1,0.0,0,0,Scott,0.0,3,0,3.7,False,90,39,0,0,1,17601.jpg,7.0,0,2,0.4,0,2021,4,None,,None,,None,,38,Keeper,3.0,2.3333333333333335,7.0
257,liam_delap,411,0,0,0,None,None,0,0,0,-3,3,0.3,0,0,Liam,0.0,4,0,0.2,False,39,42,0,0,0,463034.jpg,1.0,0,0,0.9,0,2021,4,None,,None,,None,,39,Forward,4.0,0.25,1.0
258,edinson_cavani,452,4,14,367,100,100,4,0,0,0,0,203.3,1,0,Edinson,0.0,18,10,115.0,False,1364,80,0,0,0,40720.jpg,3.8,0,0,6.9,4,2021,4,None,,None,,None,,80,Forward,8.0,12.375,99.0
259,david_de gea,422,0,4,416,100,100,9,0,0,-2,2,0.0,1,0,David,0.0,32,0,46.4,False,2295,53,0,0,0,51940.jpg,3.5,0,59,3.3,0,2021,4,None,,None,,None,,51,Keeper,5.0,18.2,91.0
260,nemanja_matic,426,1,0,223,100,100,4,0,0,-3,3,149.0,0,2,Nemanja,2.0,18,0,44.7,False,1101,47,0,0,0,62398.jpg,1.8,0,0,0.2,2,2021,4,None,,None,,None,,44,Midfielder,4.0,9.0,36.0
261,paul_pogba,427,6,11,355,100,100,5,0,0,-4,4,376.0,1,0,Paul,0.0,26,3,122.5,False,1892,76,0,0,0,74208.jpg,3.5,0,0,1.9,3,2021,4,None,,3,,3,,72,Midfielder,7.0,13.142857142857142,92.0
262,harry_maguire,429,2,8,632,100,0,13,0,0,0,0,133.6,1,0,Harry,0.0,36,2,126.3,False,3047,55,0,0,0,95658.jpg,3.6,0,0,4.3,11,2021,4,None,,None,,None,,55,Defender,5.0,24.8,124.0
263,frederico_rodrigues de paula santos,430,0,1,404,100,75,12,0,0,-2,2,395.6,0,0,Frederico,0.0,25,1,108.0,False,2389,53,0,0,0,101582.jpg,2.3,0,0,0.2,5,2021,4,None,,5,,None,,51,Midfielder,4.0,17.25,69.0
264,luke_shaw,431,5,22,640,100,100,10,0,0,5,-5,1085.9,3,0,Luke,0.0,33,1,192.8,False,2653,55,1,0,0,106760.jpg,3.9,0,0,17.3,8,2021,4,1,,None,,None,,60,Defender,5.0,24.8,124.0
265,jesse_lingard,640,5,15,332,100,100,4,0,0,6,-6,288.2,4,3,Jesse,3.0,19,9,130.4,False,1423,66,0,1,0,109322.jpg,6.6,0,0,29.6,3,2021,4,5,,None,,3,,72,Midfielder,6.0,17.666666666666668,106.0
266,bruno miguel_borges fernandes,432,14,36,870,None,None,13,0,0,8,-8,1414.9,9,0,Bruno Miguel,0.0,36,18,396.2,True,3101,113,0,1,0,141746.jpg,6.6,0,0,48.7,6,2021,4,2,,1,,1,,121,Midfielder,11.0,22.181818181818183,244.0
267,anthony_martial,433,7,3,238,100,25,4,0,0,-4,4,265.4,2,0,Anthony,0.0,23,4,126.8,False,1477,86,0,0,0,148225.jpg,3.4,1,0,3.2,0,2021,4,None,,None,,4,,82,Forward,7.0,10.714285714285714,75.0
268,alex nicolao_telles,451,2,3,149,100,100,1,0,0,-2,2,200.7,0,2,Alex Nicolao,2.0,11,0,40.1,False,689,53,0,0,0,152590.jpg,2.8,0,0,0.5,0,2021,4,3,,None,,None,,51,Defender,5.0,5.0,25.0
269,dean_henderson,435,0,1,218,None,None,4,0,0,-3,3,0.0,0,2,Dean,2.0,12,0,27.5,False,1125,52,0,0,0,172649.jpg,3.4,0,40,2.1,3,2021,4,None,,None,,None,,49,Keeper,4.0,11.0,44.0
270,marcus_rashford,436,11,9,535,100,100,12,0,0,1,-1,682.1,3,0,Marcus,0.0,39,11,260.3,False,2917,96,0,0,0,176297.jpg,4.7,0,0,10.2,4,2021,4,None,,2,,2,,97,Midfielder,9.0,19.333333333333332,174.0
271,axel_tuanzebe,437,0,0,59,100,100,0,0,0,-4,4,6.0,0,2,Axel,2.0,8,0,10.0,False,402,41,1,0,0,180804.jpg,0.8,0,0,0.1,2,2021,4,None,,None,,None,,37,Defender,4.0,1.75,7.0
272,victor_lindelöf,438,1,3,527,100,100,10,0,0,-2,2,102.6,0,0,Victor,0.0,30,1,66.4,False,2585,48,0,0,0,184667.jpg,3.5,0,0,1.9,0,2021,4,None,,None,,None,,46,Defender,4.0,25.5,102.0
273,scott_mctominay,439,2,4,413,100,75,9,0,0,-1,1,270.5,1,0,Scott,0.0,25,4,110.9,False,2124,49,0,0,0,195851.jpg,2.8,0,0,0.8,3,2021,4,None,,None,,None,,48,Midfielder,5.0,18.2,91.0
274,eric_bailly,440,0,6,178,100,100,3,0,0,-2,2,8.3,0,2,Eric,2.0,17,0,21.1,False,915,48,0,0,0,197365.jpg,2.6,0,0,0.3,3,2021,4,None,,None,,None,,46,Defender,4.0,7.75,31.0
275,aaron_wan-bissaka,443,5,11,729,100,100,13,0,0,3,-3,498.2,2,0,Aaron,0.0,36,2,144.1,False,3060,58,0,0,0,214590.jpg,4.2,0,0,18.8,3,2021,4,None,,None,,None,,61,Defender,5.0,28.8,144.0
276,mason_greenwood,445,2,9,318,100,100,7,0,0,-2,2,278.7,3,0,Mason,0.0,23,7,152.7,False,1813,73,0,0,0,220688.jpg,3.4,0,0,10.7,2,2021,4,5,,None,,None,,71,Midfielder,7.0,15.142857142857142,106.0
277,juan_mata,421,3,3,126,100,100,1,0,0,-2,2,132.8,0,10,Juan,10.0,6,1,32.7,False,507,58,0,0,0,43670.jpg,3.6,0,0,0.1,0,2021,4,4,,4,,5,,56,Midfielder,4.0,8.0,32.0
278,anthony_elanga,458,0,2,32,None,None,0,0,0,0,0,19.7,0,9,Anthony,9.0,2,1,10.0,False,155,45,0,0,0,449434.jpg,5.5,0,0,0.0,0,2021,4,None,,None,,None,,45,Midfielder,4.0,2.75,11.0
279,amad_diallo,455,1,0,34,None,None,0,0,0,-1,1,31.2,0,2,Amad,2.0,3,0,7.8,False,165,54,0,0,0,493250.jpg,2.7,0,0,0.0,0,2021,4,None,,None,,None,,53,Midfielder,5.0,1.6,8.0
280,hannibal_mejbri,459,0,0,2,None,None,0,0,0,0,0,0.0,0,1,Hannibal,1.0,0,0,0.1,False,8,45,0,0,0,465527.jpg,1.0,0,0,0.0,0,2021,4,None,,None,,None,,45,Midfielder,4.0,0.25,1.0
281,joseph_willock,461,0,5,254,100,100,4,0,0,-1,1,137.2,1,8,Joseph,8.0,18,8,97.3,False,1210,49,0,1,0,200089.jpg,3.8,0,0,4.1,1,2021,4,None,,None,,3,,48,Midfielder,5.0,15.8,79.0
282,matt_targett,49,4,9,710,None,None,16,0,0,5,-5,607.0,2,5,Matt,5.0,44,0,142.2,False,3404,50,0,0,0,169359.jpg,3.6,0,0,12.0,7,2021,4,5,,6,,None,,55,Defender,4.0,34.5,138.0
283,dan_burn,75,0,1,330,100,100,6,0,0,-3,3,183.1,0,1,Dan,1.0,28,1,78.2,False,2057,42,1,0,0,78916.jpg,2.4,0,0,0.7,5,2021,4,None,,None,,None,,39,Defender,4.0,16.0,64.0
284,chris_wood,120,3,16,395,100,100,9,0,0,1,-1,323.2,1,2,Chris,2.0,43,12,204.0,False,2741,66,0,0,0,60689.jpg,4.2,0,0,5.6,0,2021,4,None,,None,,1,,67,Forward,6.0,23.0,138.0
285,jonjo_shelvey,463,3,2,377,100,100,6,0,0,-2,2,522.1,0,3,Jonjo,3.0,46,1,129.6,False,2616,53,0,0,0,50232.jpg,2.5,0,0,0.2,7,2021,4,3,,1,,None,,51,Midfielder,5.0,14.8,74.0
286,matt_ritchie,464,5,5,226,100,100,3,0,0,-1,1,411.9,1,9,Matt,9.0,22,0,73.8,False,1347,49,1,0,0,56983.jpg,2.9,0,0,0.1,2,2021,4,1,,5,,4,,48,Midfielder,4.0,13.0,52.0
287,ciaran_clark,466,0,2,291,100,100,3,0,0,0,0,29.8,0,0,Ciaran,0.0,35,1,53.9,False,1890,45,1,0,0,58845.jpg,2.1,0,0,0.2,3,2021,4,None,,None,,None,,45,Defender,4.0,11.5,46.0
288,karl_darlow,467,0,6,450,100,75,4,0,0,-1,1,0.0,0,0,Karl,0.0,43,0,68.3,False,2250,49,0,0,1,59735.jpg,3.2,0,88,1.1,3,2021,4,None,,None,,None,,48,Keeper,4.0,20.0,80.0
289,martin_dubravka,468,0,6,255,100,75,3,0,0,-2,2,0.0,0,7,Martin,7.0,19,0,34.6,False,1170,48,0,0,0,67089.jpg,3.7,0,45,0.6,0,2021,4,None,,None,,None,,46,Keeper,4.0,12.0,48.0
290,callum_wilson,490,6,22,409,100,0,5,0,0,0,0,230.4,3,0,Callum,0.0,37,12,154.7,False,2081,65,0,0,0,75115.jpg,5.2,0,0,5.1,2,2021,4,None,,None,,1,,65,Forward,7.0,19.142857142857142,134.0
291,jeff_hendrick,486,1,3,177,100,100,3,0,0,-5,5,99.0,1,1,Jeff,1.0,24,2,40.3,False,1418,45,0,0,0,83314.jpg,2.4,1,0,1.2,1,2021,4,None,,None,,None,,40,Midfielder,4.0,13.0,52.0
292,ryan_fraser,491,4,0,154,100,0,4,0,0,-4,4,395.0,0,0,Ryan,0.0,18,0,70.1,False,922,56,0,0,0,90105.jpg,2.2,1,0,0.2,0,2021,4,2,,None,,None,,52,Midfielder,5.0,7.8,39.0
293,jamaal_lascelles,470,0,3,229,100,0,2,0,0,-3,3,38.1,0,0,Jamaal,0.0,32,2,54.7,False,1625,42,0,0,0,101148.jpg,2.3,0,0,0.8,4,2021,4,None,,None,,None,,39,Defender,4.0,11.0,44.0
294,dwight_gayle,471,1,3,79,100,100,0,0,0,-1,1,89.4,0,1,Dwight,1.0,9,1,42.4,False,501,59,0,0,0,104547.jpg,1.7,0,0,0.1,0,2021,4,None,,None,,None,,58,Forward,5.0,6.2,31.0
295,paul_dummett,473,0,2,204,100,100,3,0,0,-1,1,68.1,0,8,Paul,8.0,20,1,38.8,False,1254,44,0,0,0,106618.jpg,2.7,0,0,0.1,2,2021,4,None,,None,,None,,43,Defender,4.0,10.0,40.0
296,javier_manquillo,474,0,0,136,100,100,3,0,0,-3,3,93.5,0,0,Javier,0.0,15,0,22.2,False,822,42,0,0,0,109528.jpg,2.2,0,0,0.2,1,2021,4,None,,None,,None,,39,Defender,3.0,9.333333333333334,28.0
297,emil_krafth,475,1,0,222,100,100,5,0,0,-3,3,87.7,0,6,Emil,6.0,27,1,41.6,False,1286,42,0,0,0,111773.jpg,2.8,0,0,0.2,4,2021,4,None,,None,,None,,39,Defender,4.0,11.25,45.0
298,jacob_murphy,489,3,7,252,None,None,3,0,0,-1,1,280.8,1,3,Jacob,3.0,33,2,93.2,False,1617,49,0,0,0,114243.jpg,2.7,0,0,0.1,3,2021,4,None,,3,,None,,48,Midfielder,4.0,17.25,69.0
299,fabian_schär,476,0,1,160,100,100,2,0,0,-2,2,9.0,0,7,Fabian,7.0,21,1,37.6,False,1255,48,0,0,0,119471.jpg,1.7,1,0,0.1,4,2021,4,None,,2,,None,,46,Defender,4.0,7.5,30.0
300,isaac_hayden,478,0,0,211,100,0,4,0,0,-4,4,117.7,0,0,Isaac,0.0,33,0,55.3,False,1942,46,0,0,0,153127.jpg,1.7,0,0,0.0,8,2021,4,None,,None,,None,,42,Midfielder,4.0,10.0,40.0
301,allan_saint-maximin,480,5,5,278,100,75,7,0,0,-3,3,394.2,1,3,Allan,3.0,26,3,118.9,False,1554,52,0,0,0,170137.jpg,3.4,0,0,3.1,0,2021,4,None,,None,,None,,49,Midfielder,6.0,14.166666666666666,85.0
302,miguel_almirón,481,2,8,367,100,100,5,0,0,-4,4,447.3,1,3,Miguel,3.0,48,4,132.6,False,2426,56,0,0,0,179018.jpg,2.9,0,0,0.5,3,2021,4,5,,6,,None,,52,Midfielder,5.0,19.4,97.0
303,sean_longstaff,485,1,1,168,None,None,2,0,0,-4,4,182.8,0,3,Sean,3.0,26,0,50.8,False,1405,46,0,0,0,180135.jpg,1.9,0,0,0.1,2,2021,4,4,,4,,None,,42,Midfielder,4.0,10.25,41.0
304,joelinton cássio_apolinário de lira,482,2,5,258,100,75,3,0,0,-3,3,250.1,1,0,Joelinton Cássio,0.0,36,4,122.2,False,1979,57,0,0,0,180974.jpg,2.4,0,0,0.5,3,2021,4,None,,None,,2,,54,Forward,5.0,14.8,74.0
305,jamal_lewis,492,1,3,261,100,100,3,0,0,-5,5,224.8,1,0,Jamal,0.0,37,0,54.2,False,1833,40,0,0,0,194799.jpg,1.8,0,0,1.1,4,2021,4,None,,None,,None,,35,Defender,4.0,11.0,44.0
306,matthew_longstaff,487,0,0,47,100,100,1,0,0,-2,2,35.6,0,0,Matthew,0.0,8,0,7.0,False,376,48,0,0,0,223175.jpg,2.0,0,0,0.0,0,2021,4,None,,None,,None,,46,Midfielder,4.0,2.5,10.0
307,federico_fernández,465,0,6,376,100,100,5,0,0,-3,3,91.3,0,6,Federico,6.0,38,0,67.5,False,2080,47,1,0,0,57145.jpg,2.2,0,0,0.6,4,2021,4,None,,None,,None,,44,Defender,4.0,13.25,53.0
308,elliot_anderson,493,0,0,3,100,75,0,0,0,0,0,0.3,0,0,Elliot,0.0,0,0,0.2,False,3,45,0,0,0,215379.jpg,1.0,0,0,0.0,0,2021,4,None,,None,,None,,45,Midfielder,4.0,0.25,1.0
309,billy_gilmour,161,0,0,38,100,100,1,0,0,-2,2,50.9,0,0,Billy,0.0,2,0,9.5,False,259,43,0,0,0,243568.jpg,1.6,0,0,0.1,0,2021,4,None,,None,,None,,41,Midfielder,4.0,2.0,8.0
310,brandon_williams,448,0,0,26,100,100,0,0,0,-3,3,19.4,0,2,Brandon,2.0,3,0,6.5,False,187,42,0,0,0,232937.jpg,1.2,0,0,0.5,0,2021,4,None,,None,,None,,39,Defender,3.0,1.6666666666666667,5.0
311,ozan_kabak,380,0,1,150,100,0,3,0,0,0,0,17.2,0,0,Ozan,0.0,9,0,16.7,False,801,50,0,0,0,438277.jpg,2.9,0,0,0.4,3,2021,4,None,,None,,None,,50,Defender,4.0,6.5,26.0
312,theo_walcott,531,4,2,185,100,100,5,0,0,-2,2,248.0,0,0,Theo,0.0,28,3,88.0,False,1629,58,0,0,0,20467.jpg,3.5,0,0,0.3,0,2021,4,None,,None,,None,,56,Midfielder,5.0,15.2,76.0
313,fraser_forster,555,0,0,147,None,None,2,0,0,0,0,0.0,0,0,Fraser,0.0,11,0,19.1,False,720,40,0,0,1,40383.jpg,3.8,0,20,7.0,0,2021,4,None,,None,,None,,40,Keeper,4.0,7.5,30.0
314,alex_mccarthy,535,0,8,527,100,100,7,0,0,-1,1,0.0,1,2,Alex,2.0,57,0,74.0,False,2700,44,0,0,0,58376.jpg,3.1,0,93,10.9,2,2021,4,None,,None,,None,,43,Keeper,4.0,23.5,94.0
315,oriol_romeu vidal,536,1,4,264,100,100,6,0,0,0,0,229.1,0,1,Oriol,1.0,25,1,67.6,False,1762,45,0,0,0,78056.jpg,2.5,0,0,1.4,6,2021,4,None,,None,,None,,45,Midfielder,4.0,13.0,52.0
316,nathan_redmond,537,3,3,243,100,100,1,0,0,-1,1,400.4,1,2,Nathan,2.0,39,2,117.1,False,1727,64,0,0,0,83283.jpg,2.3,0,0,0.2,1,2021,4,None,,3,,None,,63,Midfielder,5.0,13.4,67.0
317,jack_stephens,539,0,6,288,None,None,4,0,0,-4,4,85.6,1,0,Jack,0.0,39,0,54.2,False,1537,46,0,0,0,88900.jpg,2.3,0,0,0.2,2,2021,4,None,,None,,None,,42,Defender,4.0,10.25,41.0
318,stuart_armstrong,540,7,4,455,100,100,8,0,0,0,0,496.7,1,2,Stuart,2.0,56,4,149.4,False,2764,55,0,0,0,91047.jpg,3.5,0,0,0.5,3,2021,4,None,,None,,None,,55,Midfielder,5.0,23.0,115.0
319,james_ward-prowse,542,7,17,772,100,100,9,0,0,-1,1,971.2,4,2,James,2.0,68,8,226.5,False,3420,59,0,1,0,101178.jpg,4.1,0,0,11.7,5,2021,4,1,,1,,2,,58,Midfielder,6.0,26.0,156.0
320,kyle_walker-peters,546,3,7,498,100,100,9,0,0,2,-2,262.2,1,0,Kyle,0.0,41,0,107.5,False,2646,47,0,0,0,158534.jpg,3.1,0,0,4.2,4,2021,4,None,,None,,None,,49,Defender,4.0,23.25,93.0
321,jan_bednarek,547,1,11,584,100,100,9,0,0,2,-2,75.0,2,0,Jan,0.0,62,1,93.1,False,3100,47,1,0,0,171771.jpg,2.6,1,0,4.6,5,2021,4,None,,None,,None,,49,Defender,4.0,23.5,94.0
322,daniel_n'lundulu,558,0,0,32,None,None,0,0,0,0,0,12.2,0,0,Daniel,0.0,1,0,3.1,False,102,45,0,0,0,200088.jpg,1.0,0,0,0.2,0,2021,4,None,,None,,None,,45,Forward,4.0,3.25,13.0
323,che_adams,548,7,16,443,100,0,7,0,0,-3,3,488.6,2,0,Che,0.0,51,9,203.4,False,2662,57,0,0,0,200439.jpg,3.8,0,0,4.1,1,2021,4,None,,None,,None,,54,Forward,6.0,22.833333333333332,137.0
324,nathan_tella,556,2,2,76,100,100,2,0,0,-2,2,86.0,1,1,Nathan,1.0,11,1,38.2,False,735,43,0,0,0,203389.jpg,2.0,0,0,0.4,2,2021,4,None,,None,,None,,41,Midfielder,4.0,9.0,36.0
325,william_smallbone,550,0,0,17,0,0,0,0,0,-2,2,7.4,0,0,William,0.0,5,0,3.3,False,171,43,0,0,0,214466.jpg,1.7,0,0,0.1,0,2021,4,None,,None,,None,,41,Midfielder,4.0,1.25,5.0
326,michael_obafemi,552,0,0,12,100,100,0,0,0,-4,4,10.8,0,1,Michael,1.0,2,0,2.0,False,57,46,0,0,0,220598.jpg,1.0,0,0,0.7,0,2021,4,None,,None,,None,,42,Forward,4.0,1.0,4.0
327,ibrahima_diallo,557,0,0,132,100,100,3,0,0,0,0,143.2,0,1,Ibrahima,1.0,22,0,32.9,False,1010,45,0,0,0,240143.jpg,1.4,0,0,0.0,3,2021,4,None,,None,,None,,45,Midfielder,4.0,7.75,31.0
328,moussa_djenepo,553,2,0,140,100,100,3,0,0,-1,1,97.7,0,0,Moussa,0.0,27,1,44.1,False,1229,54,0,0,0,431131.jpg,1.7,0,0,0.1,5,2021,4,None,,None,,None,,53,Midfielder,5.0,9.2,46.0
329,mohammed_salisu,554,0,0,119,100,100,0,0,0,-2,2,29.9,0,0,Mohammed,0.0,19,0,25.4,False,841,43,0,0,0,450527.jpg,1.2,0,0,0.1,1,2021,4,None,,None,,None,,41,Defender,4.0,3.5,14.0
330,shane_long,533,0,0,21,0,0,1,0,0,-4,4,6.4,0,0,Shane,0.0,6,0,3.4,False,201,51,0,0,0,20452.jpg,1.1,0,0,0.4,0,2021,4,None,,None,,None,,47,Forward,5.0,2.4,12.0
331,yan_valery,549,0,0,12,0,0,0,0,0,-3,3,22.1,0,0,Yan,0.0,4,0,6.0,False,101,47,0,0,0,213482.jpg,1.0,0,0,0.0,0,2021,4,None,,None,,None,,44,Defender,3.0,1.0,3.0
332,willy_caballero,141,0,0,7,None,None,0,0,0,-4,4,0.0,0,0,Willy,0.0,3,0,0.4,False,90,46,0,0,0,20310.jpg,1.0,0,0,0.2,0,2021,4,None,,None,,None,,42,Keeper,4.0,0.25,1.0
333,hugo_lloris,567,0,13,702,100,100,12,0,0,1,-1,0.0,0,2,Hugo,2.0,45,0,86.7,False,3420,56,0,0,0,37915.jpg,3.9,0,114,6.6,0,2021,4,None,,None,,None,,57,Keeper,5.0,29.8,149.0
334,toby_alderweireld,570,0,4,469,100,100,10,0,0,-1,1,106.5,1,1,Toby,1.0,25,1,84.6,False,2240,54,1,0,0,55605.jpg,3.5,0,0,1.8,2,2021,4,None,,None,,None,,53,Defender,5.0,17.6,88.0
335,erik_lamela,571,1,0,96,100,100,1,0,0,-3,3,137.1,0,0,Erik,0.0,17,1,48.4,False,700,57,0,0,0,62974.jpg,1.2,1,0,0.1,4,2021,4,3,,5,,None,,54,Midfielder,6.0,4.666666666666667,28.0
336,harry_kane,572,14,40,880,100,100,12,0,0,14,-14,659.1,9,10,Harry,10.0,39,23,355.9,True,3083,119,0,0,0,78830.jpg,6.9,0,0,44.5,1,2021,4,None,,1,,1,,133,Forward,12.0,20.166666666666668,242.0
337,serge_aurier,573,3,4,370,100,100,6,0,0,-3,3,267.6,1,0,Serge,0.0,22,2,87.4,False,1605,52,0,0,0,80226.jpg,4.2,0,0,1.5,0,2021,4,None,,None,,None,,49,Defender,4.0,20.0,80.0
338,heung-min_son,574,11,26,777,100,100,13,0,0,6,-6,1049.9,9,5,Heung-Min,5.0,36,17,315.2,True,3119,96,0,0,0,85971.jpg,6.2,0,0,44.2,0,2021,4,1,,4,,2,,102,Midfielder,11.0,20.727272727272727,228.0
339,matt_doherty,591,2,4,222,100,100,4,0,0,-4,4,182.4,1,1,Matt,1.0,15,0,52.0,False,1238,56,0,0,0,87835.jpg,2.8,1,0,3.8,2,2021,4,None,,None,,None,,52,Defender,4.0,11.75,47.0
340,eric_dier,575,0,2,463,100,100,8,0,0,-4,4,82.2,0,0,Eric,0.0,34,0,77.4,False,2520,46,0,0,0,93264.jpg,2.8,0,0,2.4,3,2021,4,None,,3,,None,,42,Defender,4.0,19.25,77.0
341,lucas_rodrigues moura da silva,576,5,5,238,100,100,4,0,0,-6,6,258.4,1,1,Lucas,1.0,18,3,87.7,False,1397,64,0,0,0,95715.jpg,2.7,0,0,1.4,1,2021,4,5,,None,,None,,58,Midfielder,6.0,13.333333333333334,80.0
342,pierre-emile_højbjerg,580,4,6,578,100,100,12,0,0,-1,1,308.7,1,2,Pierre-Emile,2.0,45,2,118.4,False,3420,49,0,0,0,132015.jpg,2.8,0,0,1.0,9,2021,4,None,,None,,None,,48,Midfielder,4.0,26.75,107.0
343,harry_winks,581,0,0,124,100,100,1,0,0,-4,4,77.6,0,1,Harry,1.0,16,0,22.8,False,856,51,0,0,0,157668.jpg,1.3,0,0,0.1,5,2021,4,None,,None,,None,,47,Midfielder,4.0,4.75,19.0
344,davinson_sánchez,582,0,3,256,None,None,4,0,0,-3,3,20.0,0,1,Davinson,1.0,22,0,45.5,False,1486,52,1,0,0,173904.jpg,2.4,0,0,0.7,1,2021,4,None,,None,,None,,49,Defender,4.0,10.75,43.0
345,steven_bergwijn,584,4,2,129,100,100,5,0,0,-5,5,190.9,0,1,Steven,1.0,15,1,52.8,False,1202,70,0,0,0,194252.jpg,2.6,0,0,0.4,3,2021,4,6,,None,,None,,65,Midfielder,5.0,11.0,55.0
346,sergio_reguilón,594,6,4,413,100,100,8,0,0,0,0,309.4,0,1,Sergio,1.0,31,0,92.5,False,2244,55,1,0,0,199249.jpg,3.3,0,0,4.1,5,2021,4,None,,None,,None,,55,Defender,5.0,17.8,89.0
347,japhet_tanganga,586,0,0,81,0,0,2,0,0,-1,1,29.5,0,0,Japhet,0.0,8,0,13.8,False,487,49,0,0,0,199584.jpg,2.3,0,0,0.1,2,2021,4,None,,None,,None,,48,Defender,4.0,3.5,14.0
348,giovani_lo celso,587,1,0,149,100,100,5,0,0,-1,1,222.8,0,0,Giovani,0.0,10,1,54.3,False,939,69,0,0,0,200826.jpg,1.9,0,0,0.4,5,2021,4,4,,6,,None,,68,Midfielder,5.0,7.0,35.0
349,joe_rodon,597,0,3,169,None,None,2,0,0,-1,1,3.6,1,1,Joe,1.0,12,0,17.7,False,732,49,0,0,0,214225.jpg,2.2,0,0,0.1,0,2021,4,None,,None,,None,,48,Defender,4.0,6.75,27.0
350,tanguy_ndombele,589,3,7,407,100,100,12,0,0,-1,1,270.8,1,0,Tanguy,0.0,24,3,96.2,False,2086,59,0,0,0,231372.jpg,3.0,0,0,0.6,3,2021,4,None,,None,,None,,58,Midfielder,5.0,19.8,99.0
351,dane_scarlett,599,0,0,3,100,100,0,0,0,0,0,0.0,0,0,Dane,0.0,0,0,0.0,False,1,45,0,0,0,490145.jpg,1.0,0,0,0.0,0,2021,4,None,,None,,None,,45,Forward,4.0,0.25,1.0
352,moussa_sissoko,569,0,2,214,100,100,5,0,0,-3,3,94.5,0,0,Moussa,0.0,22,0,34.6,False,1576,47,0,0,0,45268.jpg,1.8,0,0,0.4,3,2021,4,None,,None,,None,,44,Midfielder,4.0,11.0,44.0
353,joshua_king,233,0,0,18,100,100,0,0,0,-5,5,5.6,0,0,Joshua,0.0,2,0,5.0,False,138,50,0,0,0,78007.jpg,1.0,0,0,0.1,0,2021,4,None,,None,,None,,45,Forward,5.0,2.2,11.0
354,kurt_zouma,148,0,6,481,100,100,9,0,0,3,-3,72.6,4,0,Kurt,0.0,25,5,99.0,False,2027,53,0,0,0,103192.jpg,4.5,0,0,8.0,3,2021,4,None,,None,,None,,56,Defender,5.0,21.6,108.0
355,mark_noble,641,0,0,132,100,100,0,0,0,-5,5,88.6,0,1,Mark,1.0,15,0,17.6,False,701,45,0,0,0,18073.jpg,1.3,0,0,0.3,1,2021,4,4,,None,,1,,40,Midfielder,4.0,6.75,27.0
356,darren_randolph,643,0,0,46,100,100,1,0,0,-2,2,0.0,0,0,Darren,0.0,3,0,4.7,False,270,43,0,0,0,32259.jpg,3.3,0,6,0.2,0,2021,4,None,,None,,None,,41,Keeper,4.0,2.5,10.0
357,lukasz_fabianski,644,0,11,634,100,75,10,0,0,0,0,0.0,1,9,Lukasz,9.0,44,0,74.4,False,3150,50,0,0,1,37096.jpg,3.8,0,102,3.2,2,2021,4,None,,None,,None,,50,Keeper,5.0,26.6,133.0
358,angelo_ogbonna,645,0,5,461,100,100,9,0,0,-3,3,56.4,2,6,Angelo,6.0,34,3,79.1,False,2492,47,0,0,0,40669.jpg,3.6,0,0,0.8,5,2021,4,None,,None,,None,,44,Defender,4.0,25.0,100.0
359,aaron_cresswell,648,11,21,730,100,100,11,0,0,7,-7,898.6,3,6,Aaron,6.0,41,0,166.8,False,3170,57,0,0,0,55459.jpg,4.2,0,0,18.2,3,2021,4,1,,1,,None,,64,Defender,5.0,30.6,153.0
360,andriy_yarmolenko,649,1,0,47,100,100,1,0,0,-5,5,80.3,0,0,Andriy,0.0,7,0,23.5,False,362,55,0,0,0,56377.jpg,1.1,0,0,0.1,3,2021,4,3,,None,,None,,50,Midfielder,5.0,3.4,17.0
361,michail_antonio,650,5,19,345,100,100,6,0,0,2,-2,349.1,2,2,Michail,2.0,25,10,190.1,False,1972,67,0,0,0,57531.jpg,4.5,0,0,10.9,3,2021,4,None,,None,,4,,69,Forward,7.0,16.857142857142858,118.0
362,craig_dawson,666,0,3,336,100,100,7,0,0,0,0,30.2,2,6,Craig,6.0,25,3,68.4,False,1925,45,2,0,0,60232.jpg,3.4,1,0,0.9,3,2021,4,None,,None,,None,,45,Defender,4.0,18.75,75.0
363,ryan_fredericks,651,1,0,127,100,100,1,0,0,-3,3,166.8,0,0,Ryan,0.0,9,1,41.9,False,564,42,0,0,0,81012.jpg,2.0,0,0,0.2,2,2021,4,None,,None,,None,,39,Defender,4.0,7.0,28.0
364,manuel_lanzini,652,1,0,117,100,25,1,0,0,-1,1,153.0,0,0,Manuel,0.0,5,1,37.5,False,556,64,0,0,0,86934.jpg,1.6,0,0,0.1,1,2021,4,None,,4,,None,,63,Midfielder,5.0,5.6,28.0
365,arthur_masuaku,655,2,4,209,100,25,4,0,0,-2,2,200.5,1,0,Arthur,0.0,15,0,45.0,False,1006,43,0,0,0,105717.jpg,3.5,0,0,0.4,2,2021,4,None,,None,,None,,41,Defender,4.0,10.5,42.0
366,vladimir_coufal,665,9,12,625,None,None,9,0,0,3,-3,670.9,1,10,Vladimir,10.0,43,0,158.7,False,3054,48,0,0,0,164555.jpg,3.8,0,0,8.6,3,2021,4,None,,None,,None,,51,Defender,4.0,32.0,128.0
367,saïd_benrahma,667,6,4,255,None,None,3,0,0,-1,1,371.9,0,1,Saïd,1.0,19,1,104.6,False,1376,59,0,0,0,172841.jpg,2.4,0,0,0.4,0,2021,4,None,,3,,None,,58,Midfielder,5.0,14.6,73.0
368,jarrod_bowen,658,6,8,434,None,None,9,0,0,-7,7,493.5,4,6,Jarrod,6.0,33,8,183.7,False,2556,58,0,0,0,178186.jpg,3.7,0,0,2.5,0,2021,4,2,,None,,None,,51,Midfielder,6.0,23.5,141.0
369,declan_rice,660,1,2,520,100,100,11,0,0,-3,3,343.8,0,8,Declan,8.0,37,2,121.3,False,2880,47,0,1,0,204480.jpg,2.7,0,0,1.8,2,2021,4,None,,2,,2,,44,Midfielder,5.0,17.2,86.0
370,tomas_soucek,661,2,16,555,100,100,11,0,0,2,-2,271.1,4,3,Tomas,3.0,47,10,208.8,False,3420,52,1,0,0,215439.jpg,3.9,1,0,11.2,7,2021,4,None,,None,,None,,54,Midfielder,5.0,29.4,147.0
371,pablo_fornals,662,7,10,430,100,100,9,0,0,-7,7,441.3,1,19,Pablo,19.0,33,5,156.5,False,2571,58,0,0,0,217593.jpg,3.8,0,0,0.5,3,2021,4,None,,None,,None,,51,Midfielder,6.0,20.833333333333332,125.0
372,issa_diop,663,0,1,234,100,100,2,0,0,-2,2,17.4,1,1,Issa,1.0,22,2,44.3,False,1379,43,1,0,0,219924.jpg,2.3,0,0,0.6,3,2021,4,None,,None,,None,,41,Defender,4.0,10.5,42.0
373,ben_johnson,664,0,0,104,None,None,1,0,0,-1,1,63.7,0,0,Ben,0.0,10,1,18.9,False,516,39,0,0,0,222018.jpg,1.8,0,0,2.2,1,2021,4,None,,None,,None,,38,Defender,3.0,8.333333333333334,25.0
374,alphonse_areola,266,0,9,637,None,None,9,0,0,0,0,0.0,1,0,Alphonse,0.0,48,0,87.4,False,3240,45,0,0,0,84182.jpg,3.4,0,116,4.7,2,2021,4,None,,None,,None,,45,Keeper,4.0,31.0,124.0
375,joão filipe iria_santos moutinho,674,1,4,446,100,100,6,0,0,-4,4,726.9,0,2,João Filipe Iria,2.0,40,1,132.2,False,2526,51,0,0,0,19624.jpg,2.2,1,0,0.8,3,2021,4,1,,4,,None,,47,Midfielder,4.0,18.25,73.0
376,rui pedro_dos santos patrício,675,0,12,626,100,100,10,0,0,-2,2,0.0,0,1,Rui Pedro,1.0,51,0,76.1,False,3330,53,0,0,1,38533.jpg,3.6,0,100,4.6,1,2021,4,None,,None,,None,,51,Keeper,5.0,26.4,132.0
377,willy_boly,677,1,4,364,100,100,6,0,0,-1,1,46.1,0,0,Willy,0.0,29,1,64.2,False,1879,54,0,0,0,90585.jpg,3.2,0,0,1.1,2,2021,4,None,,None,,None,,53,Defender,4.0,17.0,68.0
378,conor_coady,678,0,7,606,100,100,10,0,0,-1,1,40.1,0,1,Conor,1.0,51,1,82.0,False,3303,49,0,0,0,94147.jpg,2.9,0,0,6.3,5,2021,4,None,,None,,None,,48,Defender,4.0,26.5,106.0
379,raúl_jiménez,679,1,7,148,100,0,4,0,0,-4,4,96.2,0,0,Raúl,0.0,10,4,55.0,False,824,81,1,0,0,102057.jpg,4.3,0,0,4.4,0,2021,4,None,,None,,1,,77,Forward,7.0,6.142857142857143,43.0
380,romain_saïss,680,0,11,466,100,100,8,0,0,-1,1,101.2,2,1,Romain,1.0,40,3,103.4,False,2407,49,0,0,0,107613.jpg,3.7,0,0,5.8,2,2021,4,None,,3,,None,,48,Defender,5.0,19.8,99.0
381,fernando_marçal,696,0,0,104,100,100,1,0,0,-3,3,61.7,0,1,Fernando,1.0,9,0,17.9,False,618,47,0,0,0,111291.jpg,1.5,0,0,0.1,2,2021,4,None,,None,,None,,44,Defender,4.0,4.75,19.0
382,jonathan_castro otto,681,0,1,58,0,0,1,0,0,-1,1,31.8,0,0,Jonathan,0.0,4,0,10.8,False,496,54,0,0,0,114128.jpg,2.3,0,0,0.0,0,2021,4,None,,None,,None,,53,Defender,4.0,4.0,16.0
383,leander_dendoncker,683,2,2,330,100,100,11,0,0,-4,4,261.4,0,0,Leander,0.0,33,1,99.2,False,2498,46,1,0,0,151589.jpg,2.3,0,0,0.6,4,2021,4,None,,None,,None,,42,Midfielder,4.0,19.25,77.0
384,adama_traoré,684,4,5,359,100,100,7,0,0,-5,5,751.0,0,1,Adama,1.0,41,2,187.2,False,2640,60,0,0,0,159533.jpg,2.5,0,0,5.3,4,2021,4,None,,None,,None,,55,Midfielder,5.0,18.8,94.0
385,rúben diogo_da silva neves,685,1,10,502,100,100,8,0,0,-4,4,455.0,1,2,Rúben Diogo,2.0,42,5,159.9,False,2670,51,0,0,0,171317.jpg,2.9,0,0,1.4,8,2021,4,4,,1,,2,,47,Midfielder,5.0,20.8,104.0
386,nélson_cabral semedo,699,3,11,548,None,None,9,0,0,-4,4,412.9,0,8,Nélson,8.0,45,1,130.7,False,2983,51,1,0,0,200402.jpg,3.2,0,0,2.9,5,2021,4,5,,None,,None,,47,Defender,4.0,27.25,109.0
387,daniel_castelo podence,687,2,5,240,0,0,8,0,0,-2,2,322.0,0,0,Daniel,0.0,24,3,106.2,False,1661,53,0,0,0,200600.jpg,3.1,0,0,0.9,3,2021,4,None,,None,,None,,51,Midfielder,5.0,15.0,75.0
388,max_kilman,688,1,8,258,None,None,5,0,0,-2,2,67.4,1,0,Max,0.0,11,0,39.4,False,1307,38,0,0,0,214048.jpg,3.2,0,0,5.9,4,2021,4,None,,None,,None,,36,Defender,4.0,14.5,58.0
389,morgan_gibbs-white,691,0,3,87,100,100,0,0,0,-1,1,112.8,0,0,Morgan,0.0,6,1,31.3,False,407,49,0,0,0,222531.jpg,2.0,0,0,0.0,1,2021,4,None,,None,,None,,48,Midfielder,4.0,5.5,22.0
390,pedro_lomba neto,692,8,10,492,0,0,9,0,0,0,0,1007.3,1,0,Pedro,0.0,38,5,232.5,False,2549,55,0,0,0,247632.jpg,4.0,0,0,3.7,4,2021,4,2,,2,,None,,55,Midfielder,6.0,20.666666666666668,124.0
391,owen_otasowie,702,1,0,33,100,25,0,0,0,0,0,25.9,0,0,Owen,0.0,6,0,9.8,False,185,45,0,0,0,250604.jpg,1.5,0,0,0.0,1,2021,4,None,,None,,None,,45,Midfielder,4.0,2.25,9.0
392,ki-jana_hoever,698,0,0,80,None,None,0,0,0,-1,1,59.7,0,0,Ki-Jana,0.0,11,0,18.7,False,573,44,0,0,0,441271.jpg,1.1,0,0,0.0,1,2021,4,None,,None,,None,,43,Defender,3.0,4.333333333333333,13.0
393,fabio_silva,695,3,5,198,None,None,0,0,0,-3,3,166.1,0,5,Fabio,5.0,29,4,114.9,False,1352,52,0,0,0,449988.jpg,2.2,0,0,1.0,2,2021,4,None,,None,,3,,49,Forward,5.0,14.4,72.0
394,john_ruddy,673,0,0,19,None,None,0,0,0,-2,2,0.0,0,0,John,0.0,1,0,2.5,False,91,43,0,0,0,19236.jpg,2.0,0,3,0.2,0,2021,4,None,,None,,None,,41,Keeper,4.0,1.0,4.0
395,rayan_ait nouri,701,1,6,264,100,100,3,0,0,0,0,234.5,1,0,Rayan,0.0,23,1,67.4,False,1400,50,0,0,0,448514.jpg,2.6,0,0,0.2,1,2021,4,3,,None,,None,,50,Defender,4.0,13.5,54.0
396,patrick_cutrone,709,0,0,5,0,0,0,0,0,-1,1,0.0,0,0,Patrick,0.0,0,0,0.2,False,23,59,0,0,0,209353.jpg,1.0,0,0,0.0,0,2021,4,None,,None,,None,,58,Forward,5.0,0.4,2.0
